,date,macroeconomics_indicator,United States,China
0,1947-01-01,RGDP,2.03445,
1,1947-01-01,CPI,2.148e-11,
2,1947-04-01,RGDP,2.029024,
3,1947-04-01,CPI,2.1999999999999998e-11,
4,1947-07-01,RGDP,2.024834,
5,1947-07-01,CPI,2.223e-11,
6,1947-10-01,RGDP,2.056508,
7,1947-10-01,CPI,2.2909999999999998e-11,
8,1948-01-01,RGDP,2.087442,
9,1948-01-01,CPI,2.368e-11,
10,1948-04-01,RGDP,2.121899,
11,1948-04-01,CPI,2.3819999999999998e-11,
12,1948-07-01,RGDP,2.134056,
13,1948-07-01,CPI,2.4399999999999998e-11,
14,1948-10-01,RGDP,2.13644,
15,1948-10-01,CPI,2.4309999999999998e-11,
16,1949-01-01,RGDP,2.107001,
17,1949-01-01,CPI,2.401e-11,
18,1949-04-01,RGDP,2.099814,
19,1949-04-01,CPI,2.392e-11,
20,1949-07-01,RGDP,2.121493,
21,1949-07-01,CPI,2.37e-11,
22,1949-10-01,RGDP,2.103688,
23,1949-10-01,CPI,2.367e-11,
24,1950-01-01,RGDP,2.186365,
25,1950-01-01,CPI,2.351e-11,
26,1950-04-01,RGDP,2.2530449999999997,
27,1950-04-01,CPI,2.3649999999999997e-11,
28,1950-07-01,RGDP,2.340112,
29,1950-07-01,CPI,2.407e-11,
30,1950-10-01,RGDP,2.38492,
31,1950-10-01,CPI,2.45e-11,
32,1951-01-01,RGDP,2.4173109999999998,
33,1951-01-01,CPI,2.5379999999999997e-11,
34,1951-04-01,RGDP,2.459196,
35,1951-04-01,CPI,2.5920000000000003e-11,
36,1951-07-01,RGDP,2.50988,
37,1951-07-01,CPI,2.591e-11,
38,1951-10-01,RGDP,2.515408,
39,1951-10-01,CPI,2.616e-11,
40,1952-01-01,RGDP,2.542286,
41,1952-01-01,CPI,2.645e-11,
42,1952-04-01,RGDP,2.547762,
43,1952-04-01,CPI,2.646e-11,
44,1952-07-01,RGDP,2.566153,
45,1952-07-01,CPI,2.668e-11,
46,1952-10-01,RGDP,2.6504309999999998,
47,1952-10-01,CPI,2.669e-11,
48,1953-01-01,RGDP,2.699699,
49,1953-01-01,CPI,2.664e-11,
50,1953-04-01,RGDP,2.720566,
51,1953-04-01,CPI,2.669e-11,
52,1953-07-01,RGDP,2.705258,
53,1953-07-01,CPI,2.679e-11,
54,1953-10-01,RGDP,2.6643019999999997,
55,1953-10-01,CPI,2.6949999999999998e-11,
56,1954-01-01,RGDP,2.651566,
57,1954-01-01,CPI,2.694e-11,
58,1954-04-01,RGDP,2.654456,
59,1954-04-01,CPI,2.6859999999999998e-11,
60,1954-07-01,RGDP,2.684434,
61,1954-07-01,CPI,2.6859999999999998e-11,
62,1954-10-01,RGDP,2.73696,
63,1954-10-01,CPI,2.672e-11,
64,1955-01-01,RGDP,2.815134,
65,1955-01-01,CPI,2.677e-11,
66,1955-04-01,RGDP,2.860942,
67,1955-04-01,CPI,2.679e-11,
68,1955-07-01,RGDP,2.899578,
69,1955-07-01,CPI,2.676e-11,
70,1955-10-01,RGDP,2.916985,
71,1955-10-01,CPI,2.682e-11,
72,1956-01-01,RGDP,2.905656,
73,1956-01-01,CPI,2.6829999999999996e-11,
74,1956-04-01,RGDP,2.929666,
75,1956-04-01,CPI,2.6929999999999998e-11,
76,1956-07-01,RGDP,2.927034,
77,1956-07-01,CPI,2.7289999999999997e-11,
78,1956-10-01,RGDP,2.975209,
79,1956-10-01,CPI,2.751e-11,
80,1957-01-01,RGDP,2.994259,
81,1957-01-01,CPI,2.767e-11,
82,1957-04-01,RGDP,2.987699,
83,1957-04-01,CPI,2.793e-11,
84,1957-07-01,RGDP,3.016979,
85,1957-07-01,CPI,2.8190000000000002e-11,
86,1957-10-01,RGDP,2.985775,
87,1957-10-01,CPI,2.832e-11,
88,1958-01-01,RGDP,2.908281,
89,1958-01-01,CPI,2.864e-11,
90,1958-04-01,RGDP,2.9273949999999997,
91,1958-04-01,CPI,2.8940000000000002e-11,
92,1958-07-01,RGDP,2.9951119999999998,
93,1958-07-01,CPI,2.889e-11,
94,1958-10-01,RGDP,3.065141,
95,1958-10-01,CPI,2.891e-11,
96,1959-01-01,RGDP,3.123978,
97,1959-01-01,CPI,2.9010000000000002e-11,
98,1959-04-01,RGDP,3.194429,
99,1959-04-01,CPI,2.898e-11,
100,1959-07-01,RGDP,3.1966829999999997,
101,1959-07-01,CPI,2.915e-11,
102,1959-10-01,RGDP,3.20579,
103,1959-10-01,CPI,2.935e-11,
104,1960-01-01,RGDP,3.277847,
105,1960-01-01,CPI,2.937e-11,
106,1960-04-01,RGDP,3.260177,
107,1960-04-01,CPI,2.9539999999999996e-11,
108,1960-07-01,RGDP,3.2761329999999997,
109,1960-07-01,CPI,2.955e-11,
110,1960-10-01,RGDP,3.234087,
111,1960-10-01,CPI,2.975e-11,
112,1961-01-01,RGDP,3.2559139999999998,
113,1961-01-01,CPI,2.984e-11,
114,1961-04-01,RGDP,3.311181,
115,1961-04-01,CPI,2.981e-11,
116,1961-07-01,RGDP,3.374742,
117,1961-07-01,CPI,2.992e-11,
118,1961-10-01,RGDP,3.440924,
119,1961-10-01,CPI,2.998e-11,
120,1962-01-01,RGDP,3.502298,
121,1962-01-01,CPI,3.004e-11,
122,1962-04-01,RGDP,3.533947,
123,1962-04-01,CPI,3.021e-11,
124,1962-07-01,RGDP,3.577362,
125,1962-07-01,CPI,3.022e-11,
126,1962-10-01,RGDP,3.589128,
127,1962-10-01,CPI,3.0379999999999996e-11,
128,1963-01-01,RGDP,3.628306,
129,1963-01-01,CPI,3.044e-11,
130,1963-04-01,RGDP,3.6690199999999997,
131,1963-04-01,CPI,3.048e-11,
132,1963-07-01,RGDP,3.749681,
133,1963-07-01,CPI,3.069e-11,
134,1963-10-01,RGDP,3.774264,
135,1963-10-01,CPI,3.075e-11,
136,1964-01-01,RGDP,3.853835,
137,1964-01-01,CPI,3.094e-11,
138,1964-04-01,RGDP,3.895793,
139,1964-04-01,CPI,3.095e-11,
140,1964-07-01,RGDP,3.956657,
141,1964-07-01,CPI,3.102e-11,
142,1964-10-01,RGDP,3.968878,
143,1964-10-01,CPI,3.112e-11,
144,1965-01-01,RGDP,4.064915,
145,1965-01-01,CPI,3.128e-11,
146,1965-04-01,RGDP,4.116267,
147,1965-04-01,CPI,3.138e-11,
148,1965-07-01,RGDP,4.207782,
149,1965-07-01,CPI,3.1579999999999996e-11,
150,1965-10-01,RGDP,4.304731,
151,1965-10-01,CPI,3.1649999999999995e-11,
152,1966-01-01,RGDP,4.409518,
153,1966-01-01,CPI,3.188e-11,
154,1966-04-01,RGDP,4.424581,
155,1966-04-01,CPI,3.228e-11,
156,1966-07-01,RGDP,4.462053,
157,1966-07-01,CPI,3.245e-11,
158,1966-10-01,RGDP,4.49866,
159,1966-10-01,CPI,3.285e-11,
160,1967-01-01,RGDP,4.538498,
161,1967-01-01,CPI,3.29e-11,
162,1967-04-01,RGDP,4.5412799999999995,
163,1967-04-01,CPI,3.31e-11,
164,1967-07-01,RGDP,4.584246,
165,1967-07-01,CPI,3.3399999999999996e-11,
166,1967-10-01,RGDP,4.618812,
167,1967-10-01,CPI,3.3700000000000004e-11,
168,1968-01-01,RGDP,4.713013,
169,1968-01-01,CPI,3.4100000000000004e-11,
170,1968-04-01,RGDP,4.791758,
171,1968-04-01,CPI,3.44e-11,
172,1968-07-01,RGDP,4.828892,
173,1968-07-01,CPI,3.49e-11,
174,1968-10-01,RGDP,4.847885,
175,1968-10-01,CPI,3.53e-11,
176,1969-01-01,RGDP,4.92376,
177,1969-01-01,CPI,3.5700000000000003e-11,
178,1969-04-01,RGDP,4.938728,
179,1969-04-01,CPI,3.6299999999999994e-11,
180,1969-07-01,RGDP,4.971349,
181,1969-07-01,CPI,3.68e-11,
182,1969-10-01,RGDP,4.9471039999999995,
183,1969-10-01,CPI,3.7299999999999997e-11,
184,1970-01-01,RGDP,4.939759,
185,1970-01-01,CPI,3.79e-11,
186,1970-04-01,RGDP,4.94677,
187,1970-04-01,CPI,3.8499999999999996e-11,
188,1970-07-01,RGDP,4.992357,
189,1970-07-01,CPI,3.8899999999999996e-11,
190,1970-10-01,RGDP,4.938857,
191,1970-10-01,CPI,3.94e-11,
192,1971-01-01,RGDP,5.072996,
193,1971-01-01,CPI,3.99e-11,
194,1971-04-01,RGDP,5.100447,
195,1971-04-01,CPI,4.01e-11,
196,1971-07-01,RGDP,5.142422,
197,1971-07-01,CPI,4.06e-11,
198,1971-10-01,RGDP,5.154547,
199,1971-10-01,CPI,4.0899999999999996e-11,
200,1972-01-01,RGDP,5.249337,
201,1972-01-01,CPI,4.1200000000000004e-11,
202,1972-04-01,RGDP,5.368485,
203,1972-04-01,CPI,4.15e-11,
204,1972-07-01,RGDP,5.419184,
205,1972-07-01,CPI,4.1799999999999994e-11,
206,1972-10-01,RGDP,5.509926,
207,1972-10-01,CPI,4.22e-11,
208,1973-01-01,RGDP,5.646286,
209,1973-01-01,CPI,4.2700000000000005e-11,
210,1973-04-01,RGDP,5.707755,
211,1973-04-01,CPI,4.37e-11,
212,1973-07-01,RGDP,5.677738,
213,1973-07-01,CPI,4.42e-11,
214,1973-10-01,RGDP,5.731632,
215,1973-10-01,CPI,4.56e-11,
216,1974-01-01,RGDP,5.682353,
217,1974-01-01,CPI,4.6799999999999996e-11,
218,1974-04-01,RGDP,5.695859,
219,1974-04-01,CPI,4.81e-11,
220,1974-07-01,RGDP,5.642025,
221,1974-07-01,CPI,4.9299999999999994e-11,
222,1974-10-01,RGDP,5.620126,
223,1974-10-01,CPI,5.1e-11,
224,1975-01-01,RGDP,5.5517129999999995,
225,1975-01-01,CPI,5.2299999999999996e-11,
226,1975-04-01,RGDP,5.591382,
227,1975-04-01,CPI,5.3e-11,
228,1975-07-01,RGDP,5.687087,
229,1975-07-01,CPI,5.4e-11,
230,1975-10-01,RGDP,5.763665,
231,1975-10-01,CPI,5.49e-11,
232,1976-01-01,RGDP,5.893276,
233,1976-01-01,CPI,5.58e-11,
234,1976-04-01,RGDP,5.936515,
235,1976-04-01,CPI,5.61e-11,
236,1976-07-01,RGDP,5.969089,
237,1976-07-01,CPI,5.7e-11,
238,1976-10-01,RGDP,6.012356,
239,1976-10-01,CPI,5.7899999999999995e-11,
240,1977-01-01,RGDP,6.083391,
241,1977-01-01,CPI,5.87e-11,
242,1977-04-01,RGDP,6.201659,
243,1977-04-01,CPI,6e-11,
244,1977-07-01,RGDP,6.313559,
245,1977-07-01,CPI,6.08e-11,
246,1977-10-01,RGDP,6.3136969999999994,
247,1977-10-01,CPI,6.16e-11,
248,1978-01-01,RGDP,6.333848,
249,1978-01-01,CPI,6.27e-11,
250,1978-04-01,RGDP,6.578605,
251,1978-04-01,CPI,6.39e-11,
252,1978-07-01,RGDP,6.644754,
253,1978-07-01,CPI,6.549999999999999e-11,
254,1978-10-01,RGDP,6.734069,
255,1978-10-01,CPI,6.709999999999999e-11,
256,1979-01-01,RGDP,6.746176,
257,1979-01-01,CPI,6.85e-11,
258,1979-04-01,RGDP,6.753388999999999,
259,1979-04-01,CPI,7.06e-11,
260,1979-07-01,RGDP,6.803558,
261,1979-07-01,CPI,7.299999999999999e-11,
262,1979-10-01,RGDP,6.820572,
263,1979-10-01,CPI,7.52e-11,
264,1980-01-01,RGDP,6.842023999999999,
265,1980-01-01,CPI,7.8e-11,
266,1980-04-01,RGDP,6.701046,
267,1980-04-01,CPI,8.09e-11,
268,1980-07-01,RGDP,6.6930819999999995,
269,1980-07-01,CPI,8.259999999999999e-11,
270,1980-10-01,RGDP,6.817903,
271,1980-10-01,CPI,8.47e-11,
272,1981-01-01,RGDP,6.9514949999999995,
273,1981-01-01,CPI,8.720000000000001e-11,
274,1981-04-01,RGDP,6.89998,
275,1981-04-01,CPI,8.91e-11,
276,1981-07-01,RGDP,6.982609,
277,1981-07-01,CPI,9.15e-11,
278,1981-10-01,RGDP,6.906529,
279,1981-10-01,CPI,9.340000000000001e-11,
280,1982-01-01,RGDP,6.799233,
281,1982-01-01,CPI,9.44e-11,
282,1982-04-01,RGDP,6.830251,
283,1982-04-01,CPI,9.5e-11,
284,1982-07-01,RGDP,6.804139,
285,1982-07-01,CPI,9.75e-11,
286,1982-10-01,RGDP,6.806857,
287,1982-10-01,CPI,9.809999999999999e-11,
288,1983-01-01,RGDP,6.896561,
289,1983-01-01,CPI,9.79e-11,
290,1983-04-01,RGDP,7.0535,
291,1983-04-01,CPI,9.88e-11,
292,1983-07-01,RGDP,7.194504,
293,1983-07-01,CPI,9.98e-11,
294,1983-10-01,RGDP,7.344597,
295,1983-10-01,CPI,1.0079999999999999e-10,
296,1984-01-01,RGDP,7.488167,
297,1984-01-01,CPI,1.0209999999999999e-10,
298,1984-04-01,RGDP,7.617547,
299,1984-04-01,CPI,1.033e-10,
300,1984-07-01,RGDP,7.6909849999999995,
301,1984-07-01,CPI,1.041e-10,
302,1984-10-01,RGDP,7.754117,
303,1984-10-01,CPI,1.0509999999999999e-10,
304,1985-01-01,RGDP,7.82926,
305,1985-01-01,CPI,1.057e-10,
306,1985-04-01,RGDP,7.898194,
307,1985-04-01,CPI,1.0699999999999999e-10,
308,1985-07-01,RGDP,8.018809,
309,1985-07-01,CPI,1.077e-10,
310,1985-10-01,RGDP,8.078415,
311,1985-10-01,CPI,1.085e-10,
312,1986-01-01,RGDP,8.153829,
313,1986-01-01,CPI,1.099e-10,
314,1986-04-01,RGDP,8.190552,
315,1986-04-01,CPI,1.087e-10,
316,1986-07-01,RGDP,8.268934999999999,
317,1986-07-01,CPI,1.095e-10,
318,1986-10-01,RGDP,8.313338,
319,1986-10-01,CPI,1.102e-10,
320,1987-01-01,RGDP,8.375274,
321,1987-01-01,CPI,1.114e-10,
322,1987-04-01,RGDP,8.465629999999999,
323,1987-04-01,CPI,1.127e-10,
324,1987-07-01,RGDP,8.539075,
325,1987-07-01,CPI,1.138e-10,
326,1987-10-01,RGDP,8.685694,
327,1987-10-01,CPI,1.15e-10,
328,1988-01-01,RGDP,8.730569,
329,1988-01-01,CPI,1.16e-10,
330,1988-04-01,RGDP,8.84528,
331,1988-04-01,CPI,1.172e-10,
332,1988-07-01,RGDP,8.897107,
333,1988-07-01,CPI,1.185e-10,
334,1988-10-01,RGDP,9.015661,
335,1988-10-01,CPI,1.199e-10,
336,1989-01-01,RGDP,9.107314,
337,1989-01-01,CPI,1.212e-10,
338,1989-04-01,RGDP,9.176827,
339,1989-04-01,CPI,1.231e-10,
340,1989-07-01,RGDP,9.244816,
341,1989-07-01,CPI,1.245e-10,
342,1989-10-01,RGDP,9.263033,
343,1989-10-01,CPI,1.254e-10,
344,1990-01-01,RGDP,9.364259,
345,1990-01-01,CPI,1.275e-10,
346,1990-04-01,RGDP,9.398242999999999,
347,1990-04-01,CPI,1.2890000000000001e-10,
348,1990-07-01,RGDP,9.404494,
349,1990-07-01,CPI,1.305e-10,
350,1990-10-01,RGDP,9.318876,
351,1990-10-01,CPI,1.334e-10,
352,1991-01-01,RGDP,9.275276,
353,1991-01-01,CPI,1.3469999999999998e-10,
354,1991-04-01,RGDP,9.347597,
355,1991-04-01,CPI,1.351e-10,
356,1991-07-01,RGDP,9.394834,
357,1991-07-01,CPI,1.3619999999999998e-10,
358,1991-10-01,RGDP,9.427581,
359,1991-10-01,CPI,1.3719999999999998e-10,
360,1992-01-01,RGDP,9.540443999999999,
361,1992-01-01,CPI,1.383e-10,
362,1992-04-01,RGDP,9.643893,
363,1992-04-01,CPI,1.394e-10,
364,1992-07-01,RGDP,9.739184999999999,
365,1992-07-01,CPI,1.405e-10,
366,1992-10-01,RGDP,9.840753,
367,1992-10-01,CPI,1.4169999999999999e-10,
368,1993-01-01,RGDP,9.857185,
369,1993-01-01,CPI,1.4280000000000001e-10,
370,1993-04-01,RGDP,9.914565,
371,1993-04-01,CPI,1.438e-10,
372,1993-07-01,RGDP,9.961873,
373,1993-07-01,CPI,1.445e-10,
374,1993-10-01,RGDP,10.097362,
375,1993-10-01,CPI,1.456e-10,
376,1994-01-01,RGDP,10.195338,
377,1994-01-01,CPI,1.463e-10,
378,1994-04-01,RGDP,10.333495,
379,1994-04-01,CPI,1.472e-10,
380,1994-07-01,RGDP,10.393898,
381,1994-07-01,CPI,1.484e-10,
382,1994-10-01,RGDP,10.512962,
383,1994-10-01,CPI,1.494e-10,
384,1995-01-01,RGDP,10.550251,
385,1995-01-01,CPI,1.505e-10,
386,1995-04-01,RGDP,10.581723,
387,1995-04-01,CPI,1.518e-10,
388,1995-07-01,RGDP,10.671738,
389,1995-07-01,CPI,1.526e-10,
390,1995-10-01,RGDP,10.744203,
391,1995-10-01,CPI,1.5349999999999999e-10,
392,1996-01-01,RGDP,10.824674,
393,1996-01-01,CPI,1.547e-10,
394,1996-04-01,RGDP,11.005217,
395,1996-04-01,CPI,1.5609999999999998e-10,
396,1996-07-01,RGDP,11.103935,
397,1996-07-01,CPI,1.57e-10,
398,1996-10-01,RGDP,11.219237999999999,
399,1996-10-01,CPI,1.5819999999999998e-10,
400,1997-01-01,RGDP,11.291665,
401,1997-01-01,CPI,1.5940000000000001e-10,
402,1997-04-01,RGDP,11.47933,
403,1997-04-01,CPI,1.599e-10,
404,1997-07-01,RGDP,11.622911,
405,1997-07-01,CPI,1.604e-10,
406,1997-10-01,RGDP,11.722722,
407,1997-10-01,CPI,1.6149999999999999e-10,
408,1998-01-01,RGDP,11.839876,
409,1998-01-01,CPI,1.62e-10,
410,1998-04-01,RGDP,11.949492,
411,1998-04-01,CPI,1.622e-10,
412,1998-07-01,RGDP,12.099191,
413,1998-07-01,CPI,1.632e-10,
414,1998-10-01,RGDP,12.294737,
415,1998-10-01,CPI,1.639e-10,
416,1999-01-01,RGDP,12.410778,
417,1999-01-01,CPI,1.6469999999999998e-10,
418,1999-04-01,RGDP,12.514408,
419,1999-04-01,CPI,1.659e-10,
420,1999-07-01,RGDP,12.679977,
421,1999-07-01,CPI,1.6669999999999998e-10,
422,1999-10-01,RGDP,12.888281,
423,1999-10-01,CPI,1.681e-10,
424,2000-01-01,RGDP,12.935252,
425,2000-01-01,CPI,1.693e-10,
426,2000-04-01,RGDP,13.170748999999999,
427,2000-04-01,CPI,1.709e-10,
428,2000-07-01,RGDP,13.18389,
429,2000-07-01,CPI,1.7269999999999998e-10,
430,2000-10-01,RGDP,13.26225,
431,2000-10-01,CPI,1.7390000000000001e-10,
432,2001-01-01,RGDP,13.219251,
433,2001-01-01,CPI,1.756e-10,
434,2001-04-01,RGDP,13.301394,
435,2001-04-01,CPI,1.764e-10,
436,2001-07-01,RGDP,13.248142,
437,2001-07-01,CPI,1.774e-10,
438,2001-10-01,RGDP,13.284881,
439,2001-10-01,CPI,1.7759999999999999e-10,
440,2002-01-01,RGDP,13.39491,
441,2002-01-01,CPI,1.777e-10,
442,2002-04-01,RGDP,13.477356,
443,2002-04-01,CPI,1.7930000000000002e-10,
444,2002-07-01,RGDP,13.531741,
445,2002-07-01,CPI,1.8e-10,
446,2002-10-01,RGDP,13.549421,
447,2002-10-01,CPI,1.8119999999999998e-10,
448,2003-01-01,RGDP,13.619434,
449,2003-01-01,CPI,1.826e-10,
450,2003-04-01,RGDP,13.741107,
451,2003-04-01,CPI,1.8319999999999997e-10,
452,2003-07-01,RGDP,13.970157,
453,2003-07-01,CPI,1.837e-10,
454,2003-10-01,RGDP,14.131378999999999,
455,2003-10-01,CPI,1.849e-10,
456,2004-01-01,RGDP,14.21234,
457,2004-01-01,CPI,1.8630000000000002e-10,
458,2004-04-01,RGDP,14.323017,
459,2004-04-01,CPI,1.874e-10,
460,2004-07-01,RGDP,14.457832,
461,2004-07-01,CPI,1.891e-10,
462,2004-10-01,RGDP,14.605595,
463,2004-10-01,CPI,1.908e-10,
464,2005-01-01,RGDP,14.767846,
465,2005-01-01,CPI,1.916e-10,
466,2005-04-01,RGDP,14.839706999999999,
467,2005-04-01,CPI,1.937e-10,
468,2005-07-01,RGDP,14.956291,
469,2005-07-01,CPI,1.949e-10,
470,2005-10-01,RGDP,15.041231999999999,
471,2005-10-01,CPI,1.991e-10,
472,2006-01-01,RGDP,15.244088,
473,2006-01-01,CPI,1.993e-10,
474,2006-04-01,RGDP,15.281525,
475,2006-04-01,CPI,2.007e-10,
476,2006-07-01,RGDP,15.304516999999999,
477,2006-07-01,CPI,2.029e-10,
478,2006-10-01,RGDP,15.433643,
479,2006-10-01,CPI,2.019e-10,
480,2007-01-01,RGDP,15.478956,0.685113985478878
481,2007-01-01,CPI,2.034e-10,
482,2007-04-01,RGDP,15.577779,0.7669800783231854
483,2007-04-01,CPI,2.059e-10,
484,2007-07-01,RGDP,15.671605,0.8035641429588198
485,2007-07-01,CPI,2.0759999999999999e-10,
486,2007-10-01,RGDP,15.767146,0.8991328441753983
487,2007-10-01,CPI,2.0919999999999999e-10,
488,2008-01-01,RGDP,15.702906,0.8176471365094184
489,2008-01-01,CPI,2.1219999999999998e-10,
490,2008-04-01,RGDP,15.792773,0.9366312758624553
491,2008-04-01,CPI,2.139e-10,
492,2008-07-01,RGDP,15.709562,0.9753392468914389
493,2008-07-01,CPI,2.19e-10,
494,2008-10-01,RGDP,15.366607,1.056502466981113
495,2008-10-01,CPI,2.17e-10,
496,2009-01-01,RGDP,15.187475,0.9310026203870774
497,2009-01-01,CPI,2.119e-10,
498,2009-04-01,RGDP,15.161772,1.0417644139826296
499,2009-04-01,CPI,2.1269999999999997e-10,
500,2009-07-01,RGDP,15.216647,1.084968779781461
501,2009-07-01,CPI,2.147e-10,
502,2009-10-01,RGDP,15.379154999999999,1.1851390207856893
503,2009-10-01,CPI,2.165e-10,
504,2010-01-01,RGDP,15.456059,1.0419149299621582
505,2010-01-01,CPI,2.175e-10,
506,2010-04-01,RGDP,15.605628,1.1552578760415315
507,2010-04-01,CPI,2.174e-10,
508,2010-07-01,RGDP,15.726282,1.2016984170272946
509,2010-07-01,CPI,2.1759999999999998e-10,
510,2010-10-01,RGDP,15.807995,1.329038904185593
511,2010-10-01,CPI,2.19e-10,
512,2011-01-01,RGDP,15.769911,1.4957201639205218
513,2011-01-01,CPI,2.212e-10,
514,2011-04-01,RGDP,15.876839,1.6879197280496359
515,2011-04-01,CPI,2.2409999999999998e-10,
516,2011-07-01,RGDP,15.870683999999999,1.7826874474525451
517,2011-07-01,CPI,2.254e-10,
518,2011-10-01,RGDP,16.048702,1.9888845252990721
519,2011-10-01,CPI,2.268e-10,
520,2012-01-01,RGDP,16.179968,1.6950071464329959
521,2012-01-01,CPI,2.278e-10,
522,2012-04-01,RGDP,16.253726,1.8832381266430018
523,2012-04-01,CPI,2.292e-10,
524,2012-07-01,RGDP,16.282151,1.9491774231314658
525,2012-07-01,CPI,2.286e-10,
526,2012-10-01,RGDP,16.300035,2.1857496757954356
527,2012-10-01,CPI,2.3159999999999998e-10,
528,2013-01-01,RGDP,16.441485,1.8512181878715754
529,2013-01-01,CPI,2.3169999999999999e-10,
530,2013-04-01,RGDP,16.464402,2.0550504779815673
531,2013-04-01,CPI,2.3180000000000002e-10,
532,2013-07-01,RGDP,16.594743,2.182779504060745
533,2013-07-01,CPI,2.329e-10,
534,2013-10-01,RGDP,16.71276,2.4210914517641067
535,2013-10-01,CPI,2.337e-10,
536,2014-01-01,RGDP,16.654246999999998,2.0521674688726663
537,2014-01-01,CPI,2.353e-10,
538,2014-04-01,RGDP,16.868108,2.214798925869167
539,2014-04-01,CPI,2.365e-10,
540,2014-07-01,RGDP,17.064616,2.3159933769106864
541,2014-07-01,CPI,2.375e-10,
542,2014-10-01,RGDP,17.141236,2.5914334867477415
543,2014-10-01,CPI,2.374e-10,
544,2015-01-01,RGDP,17.280648,2.1446393184840677
545,2015-01-01,CPI,2.347e-10,
546,2015-04-01,RGDP,17.380876,2.380202017985284
547,2015-04-01,CPI,2.3619999999999997e-10,
548,2015-07-01,RGDP,17.437079999999998,2.479066286765039
549,2015-07-01,CPI,2.38e-10,
550,2015-10-01,RGDP,17.46258,2.6757575024396183
551,2015-10-01,CPI,2.3769999999999996e-10,
552,2016-01-01,RGDP,17.565464,2.494871942281723
553,2016-01-01,CPI,2.3769999999999996e-10,9.078e-11
554,2016-04-01,RGDP,17.618579999999998,2.7952786579906936
555,2016-04-01,CPI,2.39e-10,9.163999999999999e-11
556,2016-07-01,RGDP,17.724488,2.841279758428037
557,2016-07-01,CPI,2.401e-10,9.128e-11
558,2016-10-01,RGDP,17.81256,3.0842742026746275
559,2016-10-01,CPI,2.417e-10,9.184e-11
560,2017-01-01,RGDP,17.889094,2.493196838736534
561,2017-01-01,CPI,2.4359999999999997e-10,9.31e-11
562,2017-04-01,RGDP,17.979218,2.7956742144942286
563,2017-04-01,CPI,2.442e-10,9.271e-11
564,2017-07-01,RGDP,18.127994,2.9716609488487244
565,2017-07-01,CPI,2.442e-10,9.256e-11
566,2017-10-01,RGDP,18.310299999999998,3.2973443977475165
567,2017-10-01,CPI,2.466e-10,9.354999999999999e-11
568,2018-01-01,RGDP,18.437128,2.8465807438641786
569,2018-01-01,CPI,2.489e-10,9.445999999999999e-11
570,2018-04-01,RGDP,18.565696,3.2741179135620597
571,2018-04-01,CPI,2.5019999999999997e-10,9.436e-11
572,2018-07-01,RGDP,18.699748,3.245601730388403
573,2018-07-01,CPI,2.5119999999999997e-10,9.442e-11
574,2018-10-01,RGDP,18.73374,3.408727739971876
575,2018-10-01,CPI,2.528e-10,9.588e-11
576,2019-01-01,RGDP,18.835411999999998,2.8615068733647466
577,2019-01-01,CPI,2.5269999999999996e-10,9.605e-11
578,2019-04-01,RGDP,18.962176,3.251195870730281
579,2019-04-01,CPI,2.552e-10,9.672e-11
580,2019-07-01,RGDP,19.130932,3.3162048926889898
581,2019-07-01,CPI,2.557e-10,9.704000000000001e-11
582,2019-10-01,RGDP,19.215692,3.4645400414824485
583,2019-10-01,CPI,2.572e-10,9.948e-11
584,2020-01-01,RGDP,18.989876,2.6309984057456255
585,2020-01-01,CPI,2.59e-10,1.012e-10
586,2020-04-01,RGDP,17.378712,3.1751771685674783
587,2020-04-01,CPI,2.561e-10,9.99e-11
588,2020-07-01,RGDP,18.74372,3.3789421617507935
589,2020-07-01,CPI,2.5830000000000003e-10,9.966e-11
590,2020-10-01,RGDP,18.924262,3.8810110126405952
591,2020-10-01,CPI,2.603e-10,9.999e-11
592,2021-01-01,RGDP,19.216224,3.7588068726092576
593,2021-01-01,CPI,2.626e-10,1.0090000000000001e-10
594,2021-04-01,RGDP,19.544248,4.098211265301704
595,2021-04-01,CPI,2.6669999999999997e-10,1.007e-10
596,2021-07-01,RGDP,19.672594,4.31400805658549
597,2021-07-01,CPI,2.718e-10,1.005e-10
598,2021-10-01,RGDP,20.00618,4.758063745884598
599,2021-10-01,CPI,2.765e-10,1.0129999999999999e-10
600,2022-01-01,RGDP,19.924088,4.037695768761635
601,2022-01-01,CPI,2.8260000000000004e-10,1.019e-10
602,2022-04-01,RGDP,19.895272,4.254271184048057
603,2022-04-01,CPI,2.886e-10,1.029e-10
604,2022-07-01,RGDP,20.054664,4.322131312936544
605,2022-07-01,CPI,2.946e-10,1.032e-10
606,2022-10-01,RGDP,20.182492,4.429989058220387
607,2022-10-01,CPI,2.98e-10,1.0349999999999999e-10
608,2023-01-01,RGDP,20.28276,3.863107162284851
609,2023-01-01,CPI,3.005e-10,1.04e-10
610,1947-02-01,CPI,2.1620000000000002e-11,
611,1947-03-01,CPI,2.1999999999999998e-11,
612,1947-05-01,CPI,2.195e-11,
613,1947-06-01,CPI,2.2079999999999996e-11,
614,1947-08-01,CPI,2.2399999999999998e-11,
615,1947-09-01,CPI,2.284e-11,
616,1947-11-01,CPI,2.306e-11,
617,1947-12-01,CPI,2.341e-11,
618,1948-02-01,CPI,2.367e-11,
619,1948-03-01,CPI,2.35e-11,
620,1948-05-01,CPI,2.401e-11,
621,1948-06-01,CPI,2.415e-11,
622,1948-08-01,CPI,2.443e-11,
623,1948-09-01,CPI,2.436e-11,
624,1948-11-01,CPI,2.416e-11,
625,1948-12-01,CPI,2.405e-11,
626,1949-02-01,CPI,2.3909999999999998e-11,
627,1949-03-01,CPI,2.3909999999999998e-11,
628,1949-05-01,CPI,2.3909999999999998e-11,
629,1949-06-01,CPI,2.392e-11,
630,1949-08-01,CPI,2.37e-11,
631,1949-09-01,CPI,2.375e-11,
632,1949-11-01,CPI,2.37e-11,
633,1949-12-01,CPI,2.361e-11,
634,1950-02-01,CPI,2.361e-11,
635,1950-03-01,CPI,2.364e-11,
636,1950-05-01,CPI,2.377e-11,
637,1950-06-01,CPI,2.388e-11,
638,1950-08-01,CPI,2.4199999999999998e-11,
639,1950-09-01,CPI,2.434e-11,
640,1950-11-01,CPI,2.46e-11,
641,1950-12-01,CPI,2.498e-11,
642,1951-02-01,CPI,2.5829999999999996e-11,
643,1951-03-01,CPI,2.588e-11,
644,1951-05-01,CPI,2.599e-11,
645,1951-06-01,CPI,2.5929999999999998e-11,
646,1951-08-01,CPI,2.586e-11,
647,1951-09-01,CPI,2.603e-11,
648,1951-11-01,CPI,2.632e-11,
649,1951-12-01,CPI,2.6469999999999997e-11,
650,1952-02-01,CPI,2.641e-11,
651,1952-03-01,CPI,2.639e-11,
652,1952-05-01,CPI,2.6469999999999997e-11,
653,1952-06-01,CPI,2.653e-11,
654,1952-08-01,CPI,2.669e-11,
655,1952-09-01,CPI,2.663e-11,
656,1952-11-01,CPI,2.669e-11,
657,1952-12-01,CPI,2.671e-11,
658,1953-02-01,CPI,2.659e-11,
659,1953-03-01,CPI,2.663e-11,
660,1953-05-01,CPI,2.67e-11,
661,1953-06-01,CPI,2.677e-11,
662,1953-08-01,CPI,2.685e-11,
663,1953-09-01,CPI,2.689e-11,
664,1953-11-01,CPI,2.685e-11,
665,1953-12-01,CPI,2.687e-11,
666,1954-02-01,CPI,2.699e-11,
667,1954-03-01,CPI,2.6929999999999998e-11,
668,1954-05-01,CPI,2.6929999999999998e-11,
669,1954-06-01,CPI,2.694e-11,
670,1954-08-01,CPI,2.685e-11,
671,1954-09-01,CPI,2.681e-11,
672,1954-11-01,CPI,2.678e-11,
673,1954-12-01,CPI,2.677e-11,
674,1955-02-01,CPI,2.682e-11,
675,1955-03-01,CPI,2.679e-11,
676,1955-05-01,CPI,2.677e-11,
677,1955-06-01,CPI,2.671e-11,
678,1955-08-01,CPI,2.672e-11,
679,1955-09-01,CPI,2.685e-11,
680,1955-11-01,CPI,2.688e-11,
681,1955-12-01,CPI,2.687e-11,
682,1956-02-01,CPI,2.6859999999999998e-11,
683,1956-03-01,CPI,2.689e-11,
684,1956-05-01,CPI,2.703e-11,
685,1956-06-01,CPI,2.7149999999999998e-11,
686,1956-08-01,CPI,2.7309999999999997e-11,
687,1956-09-01,CPI,2.735e-11,
688,1956-11-01,CPI,2.751e-11,
689,1956-12-01,CPI,2.763e-11,
690,1957-02-01,CPI,2.78e-11,
691,1957-03-01,CPI,2.7859999999999998e-11,
692,1957-05-01,CPI,2.8e-11,
693,1957-06-01,CPI,2.811e-11,
694,1957-08-01,CPI,2.828e-11,
695,1957-09-01,CPI,2.832e-11,
696,1957-11-01,CPI,2.841e-11,
697,1957-12-01,CPI,2.847e-11,
698,1958-02-01,CPI,2.87e-11,
699,1958-03-01,CPI,2.887e-11,
700,1958-05-01,CPI,2.8940000000000002e-11,
701,1958-06-01,CPI,2.891e-11,
702,1958-08-01,CPI,2.8940000000000002e-11,
703,1958-09-01,CPI,2.891e-11,
704,1958-11-01,CPI,2.8949999999999998e-11,
705,1958-12-01,CPI,2.8969999999999998e-11,
706,1959-02-01,CPI,2.9e-11,
707,1959-03-01,CPI,2.8969999999999998e-11,
708,1959-05-01,CPI,2.9039999999999997e-11,
709,1959-06-01,CPI,2.911e-11,
710,1959-08-01,CPI,2.9179999999999996e-11,
711,1959-09-01,CPI,2.925e-11,
712,1959-11-01,CPI,2.935e-11,
713,1959-12-01,CPI,2.941e-11,
714,1960-02-01,CPI,2.941e-11,
715,1960-03-01,CPI,2.941e-11,
716,1960-05-01,CPI,2.957e-11,
717,1960-06-01,CPI,2.961e-11,
718,1960-08-01,CPI,2.961e-11,
719,1960-09-01,CPI,2.961e-11,
720,1960-11-01,CPI,2.978e-11,
721,1960-12-01,CPI,2.981e-11,
722,1961-02-01,CPI,2.984e-11,
723,1961-03-01,CPI,2.984e-11,
724,1961-05-01,CPI,2.984e-11,
725,1961-06-01,CPI,2.984e-11,
726,1961-08-01,CPI,2.994e-11,
727,1961-09-01,CPI,2.998e-11,
728,1961-11-01,CPI,2.998e-11,
729,1961-12-01,CPI,3.001e-11,
730,1962-02-01,CPI,3.011e-11,
731,1962-03-01,CPI,3.0170000000000004e-11,
732,1962-05-01,CPI,3.024e-11,
733,1962-06-01,CPI,3.021e-11,
734,1962-08-01,CPI,3.028e-11,
735,1962-09-01,CPI,3.0420000000000003e-11,
736,1962-11-01,CPI,3.0379999999999996e-11,
737,1962-12-01,CPI,3.0379999999999996e-11,
738,1963-02-01,CPI,3.048e-11,
739,1963-03-01,CPI,3.051e-11,
740,1963-05-01,CPI,3.051e-11,
741,1963-06-01,CPI,3.061e-11,
742,1963-08-01,CPI,3.075e-11,
743,1963-09-01,CPI,3.072e-11,
744,1963-11-01,CPI,3.078e-11,
745,1963-12-01,CPI,3.088e-11,
746,1964-02-01,CPI,3.091e-11,
747,1964-03-01,CPI,3.094e-11,
748,1964-05-01,CPI,3.098e-11,
749,1964-06-01,CPI,3.101e-11,
750,1964-08-01,CPI,3.105e-11,
751,1964-09-01,CPI,3.108e-11,
752,1964-11-01,CPI,3.121e-11,
753,1964-12-01,CPI,3.125e-11,
754,1965-02-01,CPI,3.128e-11,
755,1965-03-01,CPI,3.131e-11,
756,1965-05-01,CPI,3.148e-11,
757,1965-06-01,CPI,3.161e-11,
758,1965-08-01,CPI,3.155e-11,
759,1965-09-01,CPI,3.162e-11,
760,1965-11-01,CPI,3.175e-11,
761,1965-12-01,CPI,3.185e-11,
762,1966-02-01,CPI,3.208e-11,
763,1966-03-01,CPI,3.218e-11,
764,1966-05-01,CPI,3.2350000000000003e-11,
765,1966-06-01,CPI,3.238e-11,
766,1966-08-01,CPI,3.265e-11,
767,1966-09-01,CPI,3.2749999999999997e-11,
768,1966-11-01,CPI,3.288e-11,
769,1966-12-01,CPI,3.292e-11,
770,1967-02-01,CPI,3.3e-11,
771,1967-03-01,CPI,3.3e-11,
772,1967-05-01,CPI,3.31e-11,
773,1967-06-01,CPI,3.33e-11,
774,1967-08-01,CPI,3.35e-11,
775,1967-09-01,CPI,3.36e-11,
776,1967-11-01,CPI,3.39e-11,
777,1967-12-01,CPI,3.4e-11,
778,1968-02-01,CPI,3.42e-11,
779,1968-03-01,CPI,3.4299999999999994e-11,
780,1968-05-01,CPI,3.45e-11,
781,1968-06-01,CPI,3.47e-11,
782,1968-08-01,CPI,3.5e-11,
783,1968-09-01,CPI,3.51e-11,
784,1968-11-01,CPI,3.5399999999999995e-11,
785,1968-12-01,CPI,3.56e-11,
786,1969-02-01,CPI,3.5799999999999995e-11,
787,1969-03-01,CPI,3.6100000000000003e-11,
788,1969-05-01,CPI,3.64e-11,
789,1969-06-01,CPI,3.66e-11,
790,1969-08-01,CPI,3.6899999999999997e-11,
791,1969-09-01,CPI,3.71e-11,
792,1969-11-01,CPI,3.75e-11,
793,1969-12-01,CPI,3.77e-11,
794,1970-02-01,CPI,3.81e-11,
795,1970-03-01,CPI,3.83e-11,
796,1970-05-01,CPI,3.86e-11,
797,1970-06-01,CPI,3.88e-11,
798,1970-08-01,CPI,3.9e-11,
799,1970-09-01,CPI,3.9200000000000004e-11,
800,1970-11-01,CPI,3.96e-11,
801,1970-12-01,CPI,3.9799999999999994e-11,
802,1971-02-01,CPI,3.99e-11,
803,1971-03-01,CPI,4e-11,
804,1971-05-01,CPI,4.03e-11,
805,1971-06-01,CPI,4.05e-11,
806,1971-08-01,CPI,4.07e-11,
807,1971-09-01,CPI,4.08e-11,
808,1971-11-01,CPI,4.1e-11,
809,1971-12-01,CPI,4.11e-11,
810,1972-02-01,CPI,4.14e-11,
811,1972-03-01,CPI,4.14e-11,
812,1972-05-01,CPI,4.1600000000000004e-11,
813,1972-06-01,CPI,4.17e-11,
814,1972-08-01,CPI,4.19e-11,
815,1972-09-01,CPI,4.21e-11,
816,1972-11-01,CPI,4.24e-11,
817,1972-12-01,CPI,4.25e-11,
818,1973-02-01,CPI,4.3e-11,
819,1973-03-01,CPI,4.34e-11,
820,1973-05-01,CPI,4.39e-11,
821,1973-06-01,CPI,4.42e-11,
822,1973-08-01,CPI,4.5e-11,
823,1973-09-01,CPI,4.52e-11,
824,1973-11-01,CPI,4.59e-11,
825,1973-12-01,CPI,4.63e-11,
826,1974-02-01,CPI,4.7299999999999994e-11,
827,1974-03-01,CPI,4.78e-11,
828,1974-05-01,CPI,4.86e-11,
829,1974-06-01,CPI,4.9e-11,
830,1974-08-01,CPI,4.99e-11,
831,1974-09-01,CPI,5.06e-11,
832,1974-11-01,CPI,5.1499999999999997e-11,
833,1974-12-01,CPI,5.1899999999999997e-11,
834,1975-02-01,CPI,5.26e-11,
835,1975-03-01,CPI,5.2799999999999995e-11,
836,1975-05-01,CPI,5.31e-11,
837,1975-06-01,CPI,5.3499999999999996e-11,
838,1975-08-01,CPI,5.4200000000000004e-11,
839,1975-09-01,CPI,5.46e-11,
840,1975-11-01,CPI,5.53e-11,
841,1975-12-01,CPI,5.56e-11,
842,1976-02-01,CPI,5.5899999999999996e-11,
843,1976-03-01,CPI,5.6e-11,
844,1976-05-01,CPI,5.64e-11,
845,1976-06-01,CPI,5.67e-11,
846,1976-08-01,CPI,5.73e-11,
847,1976-09-01,CPI,5.76e-11,
848,1976-11-01,CPI,5.81e-11,
849,1976-12-01,CPI,5.84e-11,
850,1977-02-01,CPI,5.929999999999999e-11,
851,1977-03-01,CPI,5.96e-11,
852,1977-05-01,CPI,6.02e-11,
853,1977-06-01,CPI,6.05e-11,
854,1977-08-01,CPI,6.11e-11,
855,1977-09-01,CPI,6.13e-11,
856,1977-11-01,CPI,6.199999999999999e-11,
857,1977-12-01,CPI,6.23e-11,
858,1978-02-01,CPI,6.3e-11,
859,1978-03-01,CPI,6.34e-11,
860,1978-05-01,CPI,6.45e-11,
861,1978-06-01,CPI,6.5e-11,
862,1978-08-01,CPI,6.59e-11,
863,1978-09-01,CPI,6.65e-11,
864,1978-11-01,CPI,6.75e-11,
865,1978-12-01,CPI,6.79e-11,
866,1979-02-01,CPI,6.92e-11,
867,1979-03-01,CPI,6.99e-11,
868,1979-05-01,CPI,7.140000000000001e-11,
869,1979-06-01,CPI,7.220000000000001e-11,
870,1979-08-01,CPI,7.37e-11,
871,1979-09-01,CPI,7.440000000000001e-11,
872,1979-11-01,CPI,7.6e-11,
873,1979-12-01,CPI,7.69e-11,
874,1980-02-01,CPI,7.9e-11,
875,1980-03-01,CPI,8.009999999999999e-11,
876,1980-05-01,CPI,8.17e-11,
877,1980-06-01,CPI,8.25e-11,
878,1980-08-01,CPI,8.320000000000001e-11,
879,1980-09-01,CPI,8.39e-11,
880,1980-11-01,CPI,8.56e-11,
881,1980-12-01,CPI,8.640000000000001e-11,
882,1981-02-01,CPI,8.799999999999999e-11,
883,1981-03-01,CPI,8.86e-11,
884,1981-05-01,CPI,8.97e-11,
885,1981-06-01,CPI,9.05e-11,
886,1981-08-01,CPI,9.22e-11,
887,1981-09-01,CPI,9.31e-11,
888,1981-11-01,CPI,9.379999999999999e-11,
889,1981-12-01,CPI,9.409999999999999e-11,
890,1982-02-01,CPI,9.47e-11,
891,1982-03-01,CPI,9.47e-11,
892,1982-05-01,CPI,9.59e-11,
893,1982-06-01,CPI,9.7e-11,
894,1982-08-01,CPI,9.77e-11,
895,1982-09-01,CPI,9.77e-11,
896,1982-11-01,CPI,9.8e-11,
897,1982-12-01,CPI,9.77e-11,
898,1983-02-01,CPI,9.8e-11,
899,1983-03-01,CPI,9.809999999999999e-11,
900,1983-05-01,CPI,9.92e-11,
901,1983-06-01,CPI,9.94e-11,
902,1983-08-01,CPI,1.001e-10,
903,1983-09-01,CPI,1.0040000000000001e-10,
904,1983-11-01,CPI,1.0109999999999999e-10,
905,1983-12-01,CPI,1.0140000000000001e-10,
906,1984-02-01,CPI,1.0259999999999999e-10,
907,1984-03-01,CPI,1.029e-10,
908,1984-05-01,CPI,1.0349999999999999e-10,
909,1984-06-01,CPI,1.037e-10,
910,1984-08-01,CPI,1.0440000000000001e-10,
911,1984-09-01,CPI,1.047e-10,
912,1984-11-01,CPI,1.053e-10,
913,1984-12-01,CPI,1.055e-10,
914,1985-02-01,CPI,1.063e-10,
915,1985-03-01,CPI,1.068e-10,
916,1985-05-01,CPI,1.072e-10,
917,1985-06-01,CPI,1.075e-10,
918,1985-08-01,CPI,1.0790000000000001e-10,
919,1985-09-01,CPI,1.081e-10,
920,1985-11-01,CPI,1.09e-10,
921,1985-12-01,CPI,1.095e-10,
922,1986-02-01,CPI,1.097e-10,
923,1986-03-01,CPI,1.0909999999999999e-10,
924,1986-05-01,CPI,1.09e-10,
925,1986-06-01,CPI,1.094e-10,
926,1986-08-01,CPI,1.0959999999999999e-10,
927,1986-09-01,CPI,1.1e-10,
928,1986-11-01,CPI,1.104e-10,
929,1986-12-01,CPI,1.108e-10,
930,1987-02-01,CPI,1.1179999999999999e-10,
931,1987-03-01,CPI,1.122e-10,
932,1987-05-01,CPI,1.13e-10,
933,1987-06-01,CPI,1.135e-10,
934,1987-08-01,CPI,1.143e-10,
935,1987-09-01,CPI,1.147e-10,
936,1987-11-01,CPI,1.154e-10,
937,1987-12-01,CPI,1.156e-10,
938,1988-02-01,CPI,1.162e-10,
939,1988-03-01,CPI,1.1649999999999999e-10,
940,1988-05-01,CPI,1.175e-10,
941,1988-06-01,CPI,1.18e-10,
942,1988-08-01,CPI,1.19e-10,
943,1988-09-01,CPI,1.195e-10,
944,1988-11-01,CPI,1.203e-10,
945,1988-12-01,CPI,1.207e-10,
946,1989-02-01,CPI,1.216e-10,
947,1989-03-01,CPI,1.222e-10,
948,1989-05-01,CPI,1.237e-10,
949,1989-06-01,CPI,1.241e-10,
950,1989-08-01,CPI,1.245e-10,
951,1989-09-01,CPI,1.248e-10,
952,1989-11-01,CPI,1.259e-10,
953,1989-12-01,CPI,1.263e-10,
954,1990-02-01,CPI,1.28e-10,
955,1990-03-01,CPI,1.286e-10,
956,1990-05-01,CPI,1.291e-10,
957,1990-06-01,CPI,1.299e-10,
958,1990-08-01,CPI,1.316e-10,
959,1990-09-01,CPI,1.325e-10,
960,1990-11-01,CPI,1.337e-10,
961,1990-12-01,CPI,1.3419999999999999e-10,
962,1991-02-01,CPI,1.3480000000000002e-10,
963,1991-03-01,CPI,1.3480000000000002e-10,
964,1991-05-01,CPI,1.356e-10,
965,1991-06-01,CPI,1.36e-10,
966,1991-08-01,CPI,1.366e-10,
967,1991-09-01,CPI,1.37e-10,
968,1991-11-01,CPI,1.378e-10,
969,1991-12-01,CPI,1.382e-10,
970,1992-02-01,CPI,1.386e-10,
971,1992-03-01,CPI,1.391e-10,
972,1992-05-01,CPI,1.397e-10,
973,1992-06-01,CPI,1.4009999999999999e-10,
974,1992-08-01,CPI,1.4080000000000002e-10,
975,1992-09-01,CPI,1.4109999999999998e-10,
976,1992-11-01,CPI,1.4209999999999998e-10,
977,1992-12-01,CPI,1.4230000000000002e-10,
978,1993-02-01,CPI,1.431e-10,
979,1993-03-01,CPI,1.433e-10,
980,1993-05-01,CPI,1.4419999999999998e-10,
981,1993-06-01,CPI,1.443e-10,
982,1993-08-01,CPI,1.448e-10,
983,1993-09-01,CPI,1.45e-10,
984,1993-11-01,CPI,1.4599999999999999e-10,
985,1993-12-01,CPI,1.463e-10,
986,1994-02-01,CPI,1.467e-10,
987,1994-03-01,CPI,1.471e-10,
988,1994-05-01,CPI,1.475e-10,
989,1994-06-01,CPI,1.479e-10,
990,1994-08-01,CPI,1.49e-10,
991,1994-09-01,CPI,1.4930000000000002e-10,
992,1994-11-01,CPI,1.4980000000000002e-10,
993,1994-12-01,CPI,1.501e-10,
994,1995-02-01,CPI,1.509e-10,
995,1995-03-01,CPI,1.5119999999999998e-10,
996,1995-05-01,CPI,1.521e-10,
997,1995-06-01,CPI,1.524e-10,
998,1995-08-01,CPI,1.529e-10,
999,1995-09-01,CPI,1.531e-10,
1000,1995-11-01,CPI,1.537e-10,
1001,1995-12-01,CPI,1.539e-10,
1002,1996-02-01,CPI,1.55e-10,
1003,1996-03-01,CPI,1.555e-10,
1004,1996-05-01,CPI,1.564e-10,
1005,1996-06-01,CPI,1.5669999999999999e-10,
1006,1996-08-01,CPI,1.5719999999999998e-10,
1007,1996-09-01,CPI,1.5769999999999998e-10,
1008,1996-11-01,CPI,1.5869999999999998e-10,
1009,1996-12-01,CPI,1.591e-10,
1010,1997-02-01,CPI,1.5969999999999998e-10,
1011,1997-03-01,CPI,1.598e-10,
1012,1997-05-01,CPI,1.599e-10,
1013,1997-06-01,CPI,1.6019999999999997e-10,
1014,1997-08-01,CPI,1.608e-10,
1015,1997-09-01,CPI,1.612e-10,
1016,1997-11-01,CPI,1.617e-10,
1017,1997-12-01,CPI,1.618e-10,
1018,1998-02-01,CPI,1.62e-10,
1019,1998-03-01,CPI,1.62e-10,
1020,1998-05-01,CPI,1.6259999999999999e-10,
1021,1998-06-01,CPI,1.628e-10,
1022,1998-08-01,CPI,1.634e-10,
1023,1998-09-01,CPI,1.635e-10,
1024,1998-11-01,CPI,1.6409999999999998e-10,
1025,1998-12-01,CPI,1.644e-10,
1026,1999-02-01,CPI,1.6469999999999998e-10,
1027,1999-03-01,CPI,1.6480000000000002e-10,
1028,1999-05-01,CPI,1.66e-10,
1029,1999-06-01,CPI,1.66e-10,
1030,1999-08-01,CPI,1.671e-10,
1031,1999-09-01,CPI,1.678e-10,
1032,1999-11-01,CPI,1.684e-10,
1033,1999-12-01,CPI,1.688e-10,
1034,2000-02-01,CPI,1.7e-10,
1035,2000-03-01,CPI,1.71e-10,
1036,2000-05-01,CPI,1.712e-10,
1037,2000-06-01,CPI,1.7219999999999998e-10,
1038,2000-08-01,CPI,1.7269999999999998e-10,
1039,2000-09-01,CPI,1.736e-10,
1040,2000-11-01,CPI,1.7419999999999998e-10,
1041,2000-12-01,CPI,1.746e-10,
1042,2001-02-01,CPI,1.7599999999999999e-10,
1043,2001-03-01,CPI,1.761e-10,
1044,2001-05-01,CPI,1.773e-10,
1045,2001-06-01,CPI,1.777e-10,
1046,2001-08-01,CPI,1.774e-10,
1047,2001-09-01,CPI,1.7809999999999998e-10,
1048,2001-11-01,CPI,1.775e-10,
1049,2001-12-01,CPI,1.774e-10,
1050,2002-02-01,CPI,1.78e-10,
1051,2002-03-01,CPI,1.785e-10,
1052,2002-05-01,CPI,1.795e-10,
1053,2002-06-01,CPI,1.7959999999999998e-10,
1054,2002-08-01,CPI,1.805e-10,
1055,2002-09-01,CPI,1.808e-10,
1056,2002-11-01,CPI,1.815e-10,
1057,2002-12-01,CPI,1.818e-10,
1058,2003-02-01,CPI,1.836e-10,
1059,2003-03-01,CPI,1.839e-10,
1060,2003-05-01,CPI,1.829e-10,
1061,2003-06-01,CPI,1.831e-10,
1062,2003-08-01,CPI,1.845e-10,
1063,2003-09-01,CPI,1.8509999999999999e-10,
1064,2003-11-01,CPI,1.85e-10,
1065,2003-12-01,CPI,1.855e-10,
1066,2004-02-01,CPI,1.8669999999999999e-10,
1067,2004-03-01,CPI,1.8709999999999998e-10,
1068,2004-05-01,CPI,1.8819999999999998e-10,
1069,2004-06-01,CPI,1.8890000000000001e-10,
1070,2004-08-01,CPI,1.8919999999999998e-10,
1071,2004-09-01,CPI,1.898e-10,
1072,2004-11-01,CPI,1.917e-10,
1073,2004-12-01,CPI,1.917e-10,
1074,2005-02-01,CPI,1.924e-10,
1075,2005-03-01,CPI,1.9309999999999998e-10,
1076,2005-05-01,CPI,1.9359999999999998e-10,
1077,2005-06-01,CPI,1.937e-10,
1078,2005-08-01,CPI,1.961e-10,
1079,2005-09-01,CPI,1.988e-10,
1080,2005-11-01,CPI,1.981e-10,
1081,2005-12-01,CPI,1.981e-10,
1082,2006-02-01,CPI,1.994e-10,
1083,2006-03-01,CPI,1.997e-10,
1084,2006-05-01,CPI,2.0130000000000002e-10,
1085,2006-06-01,CPI,2.0180000000000002e-10,
1086,2006-08-01,CPI,2.038e-10,
1087,2006-09-01,CPI,2.0280000000000001e-10,
1088,2006-11-01,CPI,2.02e-10,
1089,2006-12-01,CPI,2.031e-10,
1090,2007-02-01,CPI,2.0419999999999998e-10,
1091,2007-03-01,CPI,2.053e-10,
1092,2007-05-01,CPI,2.068e-10,
1093,2007-06-01,CPI,2.072e-10,
1094,2007-08-01,CPI,2.077e-10,
1095,2007-09-01,CPI,2.085e-10,
1096,2007-11-01,CPI,2.108e-10,
1097,2007-12-01,CPI,2.114e-10,
1098,2008-02-01,CPI,2.1269999999999997e-10,
1099,2008-03-01,CPI,2.134e-10,
1100,2008-05-01,CPI,2.152e-10,
1101,2008-06-01,CPI,2.175e-10,
1102,2008-08-01,CPI,2.1869999999999998e-10,
1103,2008-09-01,CPI,2.189e-10,
1104,2008-11-01,CPI,2.1319999999999997e-10,
1105,2008-12-01,CPI,2.114e-10,
1106,2009-02-01,CPI,2.1269999999999997e-10,
1107,2009-03-01,CPI,2.125e-10,
1108,2009-05-01,CPI,2.13e-10,
1109,2009-06-01,CPI,2.148e-10,
1110,2009-08-01,CPI,2.154e-10,
1111,2009-09-01,CPI,2.159e-10,
1112,2009-11-01,CPI,2.1719999999999998e-10,
1113,2009-12-01,CPI,2.1730000000000001e-10,
1114,2010-02-01,CPI,2.1730000000000001e-10,
1115,2010-03-01,CPI,2.174e-10,
1116,2010-05-01,CPI,2.1730000000000001e-10,
1117,2010-06-01,CPI,2.1719999999999998e-10,
1118,2010-08-01,CPI,2.179e-10,
1119,2010-09-01,CPI,2.183e-10,
1120,2010-11-01,CPI,2.196e-10,
1121,2010-12-01,CPI,2.205e-10,
1122,2011-02-01,CPI,2.219e-10,
1123,2011-03-01,CPI,2.23e-10,
1124,2011-05-01,CPI,2.2480000000000001e-10,
1125,2011-06-01,CPI,2.2480000000000001e-10,
1126,2011-08-01,CPI,2.261e-10,
1127,2011-09-01,CPI,2.266e-10,
1128,2011-11-01,CPI,2.2719999999999998e-10,
1129,2011-12-01,CPI,2.2719999999999998e-10,
1130,2012-02-01,CPI,2.283e-10,
1131,2012-03-01,CPI,2.288e-10,
1132,2012-05-01,CPI,2.287e-10,
1133,2012-06-01,CPI,2.2849999999999999e-10,
1134,2012-08-01,CPI,2.299e-10,
1135,2012-09-01,CPI,2.31e-10,
1136,2012-11-01,CPI,2.312e-10,
1137,2012-12-01,CPI,2.312e-10,
1138,2013-02-01,CPI,2.329e-10,
1139,2013-03-01,CPI,2.3230000000000001e-10,
1140,2013-05-01,CPI,2.319e-10,
1141,2013-06-01,CPI,2.324e-10,
1142,2013-08-01,CPI,2.335e-10,
1143,2013-09-01,CPI,2.335e-10,
1144,2013-11-01,CPI,2.341e-10,
1145,2013-12-01,CPI,2.347e-10,
1146,2014-02-01,CPI,2.355e-10,
1147,2014-03-01,CPI,2.36e-10,
1148,2014-05-01,CPI,2.369e-10,
1149,2014-06-01,CPI,2.3719999999999997e-10,
1150,2014-08-01,CPI,2.375e-10,
1151,2014-09-01,CPI,2.375e-10,
1152,2014-11-01,CPI,2.37e-10,
1153,2014-12-01,CPI,2.363e-10,
1154,2015-02-01,CPI,2.353e-10,
1155,2015-03-01,CPI,2.36e-10,
1156,2015-05-01,CPI,2.37e-10,
1157,2015-06-01,CPI,2.3769999999999996e-10,
1158,2015-08-01,CPI,2.38e-10,
1159,2015-09-01,CPI,2.375e-10,
1160,2015-11-01,CPI,2.38e-10,
1161,2015-12-01,CPI,2.378e-10,
1162,2016-02-01,CPI,2.373e-10,9.22e-11
1163,2016-03-01,CPI,2.381e-10,9.18e-11
1164,2016-05-01,CPI,2.396e-10,9.122e-11
1165,2016-06-01,CPI,2.402e-10,9.109999999999999e-11
1166,2016-08-01,CPI,2.405e-10,9.133e-11
1167,2016-09-01,CPI,2.412e-10,9.195e-11
1168,2016-11-01,CPI,2.42e-10,9.197e-11
1169,2016-12-01,CPI,2.4259999999999997e-10,9.218e-11
1170,2017-02-01,CPI,2.44e-10,9.293999999999999e-11
1171,2017-03-01,CPI,2.439e-10,9.264e-11
1172,2017-05-01,CPI,2.44e-10,9.26e-11
1173,2017-06-01,CPI,2.442e-10,9.246e-11
1174,2017-08-01,CPI,2.452e-10,9.295e-11
1175,2017-09-01,CPI,2.464e-10,9.345e-11
1176,2017-11-01,CPI,2.473e-10,9.356e-11
1177,2017-12-01,CPI,2.478e-10,9.387999999999999e-11
1178,2018-02-01,CPI,2.495e-10,9.563999999999999e-11
1179,2018-03-01,CPI,2.496e-10,9.455e-11
1180,2018-05-01,CPI,2.508e-10,9.417e-11
1181,2018-06-01,CPI,2.51e-10,9.412000000000001e-11
1182,2018-08-01,CPI,2.5169999999999997e-10,9.503e-11
1183,2018-09-01,CPI,2.5219999999999997e-10,9.57e-11
1184,2018-11-01,CPI,2.526e-10,9.555e-11
1185,2018-12-01,CPI,2.528e-10,9.556999999999999e-11
1186,2019-02-01,CPI,2.533e-10,9.701000000000001e-11
1187,2019-03-01,CPI,2.5419999999999996e-10,9.665000000000001e-11
1188,2019-05-01,CPI,2.553e-10,9.676e-11
1189,2019-06-01,CPI,2.552e-10,9.665000000000001e-11
1190,2019-08-01,CPI,2.561e-10,9.773999999999999e-11
1191,2019-09-01,CPI,2.565e-10,9.859999999999999e-11
1192,2019-11-01,CPI,2.5780000000000003e-10,9.982999999999999e-11
1193,2019-12-01,CPI,2.586e-10,9.982999999999999e-11
1194,2020-02-01,CPI,2.592e-10,1.02e-10
1195,2020-03-01,CPI,2.581e-10,1.0079999999999999e-10
1196,2020-05-01,CPI,2.559e-10,9.911e-11
1197,2020-06-01,CPI,2.57e-10,9.905e-11
1198,2020-08-01,CPI,2.5939999999999995e-10,1.001e-10
1199,2020-09-01,CPI,2.6e-10,1.0029999999999999e-10
1200,2020-11-01,CPI,2.608e-10,9.938999999999999e-11
1201,2020-12-01,CPI,2.6199999999999997e-10,1.001e-10
1202,2021-02-01,CPI,2.636e-10,1.015e-10
1203,2021-03-01,CPI,2.649e-10,1.01e-10
1204,2021-05-01,CPI,2.6839999999999997e-10,1.006e-10
1205,2021-06-01,CPI,2.7060000000000003e-10,1.002e-10
1206,2021-08-01,CPI,2.7289999999999996e-10,1.006e-10
1207,2021-09-01,CPI,2.74e-10,1.006e-10
1208,2021-11-01,CPI,2.787e-10,1.017e-10
1209,2021-12-01,CPI,2.809e-10,1.0140000000000001e-10
1210,2022-02-01,CPI,2.8460000000000003e-10,1.025e-10
1211,2022-03-01,CPI,2.875e-10,1.025e-10
1212,2022-05-01,CPI,2.913e-10,1.027e-10
1213,2022-06-01,CPI,2.947e-10,1.027e-10
1214,2022-08-01,CPI,2.953e-10,1.031e-10
1215,2022-09-01,CPI,2.965e-10,1.034e-10
1216,2022-11-01,CPI,2.9860000000000003e-10,1.033e-10
1217,2022-12-01,CPI,2.99e-10,1.032e-10
1218,2023-02-01,CPI,3.016e-10,1.0349999999999999e-10
1219,2023-03-01,CPI,3.018e-10,1.032e-10
1220,2023-04-01,RGDP,,4.1737890626490115
1221,2023-04-01,CPI,3.0289999999999996e-10,1.0299999999999999e-10
1222,2023-05-01,CPI,3.0330000000000003e-10,1.028e-10
1223,2023-06-01,CPI,3.0380000000000003e-10,1.027e-10
