,date,open,high,low,close,adj_close,volume,symbol,dividend,stock_split,vendor_name
0,2021-03-25,9.949999809265137,9.949999809265137,9.520000457763672,9.869999885559082,9.869999885559082,117100,AAC,,,yahoo finance
1,2021-03-26,9.850000381469727,9.960000038146973,9.75,9.960000038146973,9.960000038146973,158300,AAC,,,yahoo finance
2,2021-03-29,9.699999809265137,9.902000427246094,9.5,9.779999732971191,9.779999732971191,53600,AAC,,,yahoo finance
3,2021-03-30,9.800000190734863,9.850000381469727,9.800000190734863,9.829999923706055,9.829999923706055,52300,AAC,,,yahoo finance
4,2021-03-31,9.75,9.899999618530273,9.75,9.899999618530273,9.899999618530273,78600,AAC,,,yahoo finance
5,2021-04-01,9.979999542236328,9.979999542236328,9.739999771118164,9.770000457763672,9.770000457763672,151900,AAC,,,yahoo finance
6,2021-04-05,9.819999694824219,10.0,9.8100004196167,10.0,10.0,208100,AAC,,,yahoo finance
7,2021-04-06,9.859999656677246,9.869999885559082,9.800000190734863,9.850000381469727,9.850000381469727,242900,AAC,,,yahoo finance
8,2021-04-07,9.869999885559082,9.869999885559082,9.770000457763672,9.859999656677246,9.859999656677246,250200,AAC,,,yahoo finance
9,2021-04-08,9.829999923706055,9.920000076293945,9.8100004196167,9.890000343322754,9.890000343322754,59800,AAC,,,yahoo finance
10,2021-04-09,9.866000175476074,9.888999938964844,9.84000015258789,9.875,9.875,18400,AAC,,,yahoo finance
11,2021-04-12,9.880000114440918,9.949999809265137,9.880000114440918,9.949999809265137,9.949999809265137,20200,AAC,,,yahoo finance
12,2021-04-13,9.989999771118164,9.989999771118164,9.899999618530273,9.90999984741211,9.90999984741211,126600,AAC,,,yahoo finance
13,2021-04-14,9.90999984741211,9.930000305175781,9.890000343322754,9.899999618530273,9.899999618530273,458400,AAC,,,yahoo finance
14,2021-04-15,9.899999618530273,9.920000076293945,9.819999694824219,9.869999885559082,9.869999885559082,251400,AAC,,,yahoo finance
15,2021-04-16,9.90999984741211,9.90999984741211,9.829999923706055,9.829999923706055,9.829999923706055,29200,AAC,,,yahoo finance
16,2021-04-19,9.850000381469727,9.864999771118164,9.800000190734863,9.84000015258789,9.84000015258789,438100,AAC,,,yahoo finance
17,2021-04-20,10.0,10.0,9.739999771118164,9.8100004196167,9.8100004196167,165100,AAC,,,yahoo finance
18,2021-04-21,9.800000190734863,9.8100004196167,9.770000457763672,9.800000190734863,9.800000190734863,342800,AAC,,,yahoo finance
19,2021-04-22,9.779999732971191,9.819999694824219,9.779999732971191,9.800000190734863,9.800000190734863,69200,AAC,,,yahoo finance
20,2021-04-23,9.800000190734863,9.8100004196167,9.789999961853027,9.8100004196167,9.8100004196167,195300,AAC,,,yahoo finance
21,2021-04-26,9.789999961853027,9.859999656677246,9.779999732971191,9.800000190734863,9.800000190734863,86100,AAC,,,yahoo finance
22,2021-04-27,9.84000015258789,9.869000434875488,9.791000366210938,9.800000190734863,9.800000190734863,109500,AAC,,,yahoo finance
23,2021-04-28,9.84000015258789,9.84000015258789,9.789999961853027,9.800000190734863,9.800000190734863,139800,AAC,,,yahoo finance
24,2021-04-29,9.8100004196167,9.859999656677246,9.805000305175781,9.819999694824219,9.819999694824219,58500,AAC,,,yahoo finance
25,2021-04-30,9.8100004196167,9.869999885559082,9.75,9.829999923706055,9.829999923706055,901500,AAC,,,yahoo finance
26,2021-05-03,9.869999885559082,9.869999885559082,9.800000190734863,9.8100004196167,9.8100004196167,2208200,AAC,,,yahoo finance
27,2021-05-04,9.829999923706055,9.848999977111816,9.8100004196167,9.829999923706055,9.829999923706055,406200,AAC,,,yahoo finance
28,2021-05-05,9.829999923706055,9.850000381469727,9.819999694824219,9.829999923706055,9.829999923706055,64700,AAC,,,yahoo finance
29,2021-05-06,9.819999694824219,9.859999656677246,9.800000190734863,9.8100004196167,9.8100004196167,340400,AAC,,,yahoo finance
30,2021-05-07,9.8100004196167,9.859999656677246,9.800000190734863,9.824999809265137,9.824999809265137,95800,AAC,,,yahoo finance
31,2021-05-10,9.880000114440918,9.880000114440918,9.819999694824219,9.859999656677246,9.859999656677246,76100,AAC,,,yahoo finance
32,2021-05-11,9.8100004196167,9.859999656677246,9.779999732971191,9.84000015258789,9.84000015258789,594500,AAC,,,yahoo finance
33,2021-05-12,9.84000015258789,9.895000457763672,9.829999923706055,9.880000114440918,9.880000114440918,1527500,AAC,,,yahoo finance
34,2021-05-13,9.819999694824219,9.890000343322754,9.789999961853027,9.789999961853027,9.789999961853027,377600,AAC,,,yahoo finance
35,2021-05-14,9.819999694824219,9.829999923706055,9.760000228881836,9.819999694824219,9.819999694824219,165500,AAC,,,yahoo finance
36,2021-05-17,9.819999694824219,9.819999694824219,9.760000228881836,9.760000228881836,9.760000228881836,71500,AAC,,,yahoo finance
37,2021-05-18,9.760000228881836,9.789999961853027,9.75,9.770000457763672,9.770000457763672,529800,AAC,,,yahoo finance
38,2021-05-19,9.779999732971191,9.819999694824219,9.75,9.789999961853027,9.789999961853027,592200,AAC,,,yahoo finance
39,2021-05-20,9.779999732971191,9.800000190734863,9.770000457763672,9.770000457763672,9.770000457763672,53500,AAC,,,yahoo finance
40,2021-05-21,9.789999961853027,9.789999961853027,9.779999732971191,9.779999732971191,9.779999732971191,391900,AAC,,,yahoo finance
41,2021-05-24,9.760000228881836,9.819999694824219,9.760000228881836,9.800000190734863,9.800000190734863,36600,AAC,,,yahoo finance
42,2021-05-25,9.800000190734863,9.859999656677246,9.789999961853027,9.8100004196167,9.8100004196167,59400,AAC,,,yahoo finance
43,2021-05-26,9.800000190734863,9.854999542236328,9.779999732971191,9.819999694824219,9.819999694824219,226700,AAC,,,yahoo finance
44,2021-05-27,9.829999923706055,9.854999542236328,9.8100004196167,9.850000381469727,9.850000381469727,84300,AAC,,,yahoo finance
45,2021-05-28,9.829999923706055,9.84000015258789,9.770000457763672,9.770000457763672,9.770000457763672,29600,AAC,,,yahoo finance
46,2021-06-01,9.770000457763672,9.859999656677246,9.760000228881836,9.819999694824219,9.819999694824219,1352500,AAC,,,yahoo finance
47,2021-06-02,9.819999694824219,9.859999656677246,9.789999961853027,9.789999961853027,9.789999961853027,673100,AAC,,,yahoo finance
48,2021-06-03,9.819999694824219,9.850000381469727,9.800000190734863,9.850000381469727,9.850000381469727,183700,AAC,,,yahoo finance
49,2021-06-04,9.850000381469727,9.850000381469727,9.770000457763672,9.770000457763672,9.770000457763672,53900,AAC,,,yahoo finance
50,2021-06-07,9.8100004196167,9.819999694824219,9.770000457763672,9.779999732971191,9.779999732971191,1878500,AAC,,,yahoo finance
51,2021-06-08,9.800000190734863,9.84000015258789,9.770000457763672,9.8100004196167,9.8100004196167,498400,AAC,,,yahoo finance
52,2021-06-09,9.8100004196167,9.829999923706055,9.777999877929688,9.779999732971191,9.779999732971191,214000,AAC,,,yahoo finance
53,2021-06-10,9.789999961853027,9.819999694824219,9.770000457763672,9.789999961853027,9.789999961853027,45500,AAC,,,yahoo finance
54,2021-06-11,9.819999694824219,9.819999694824219,9.789999961853027,9.800000190734863,9.800000190734863,22100,AAC,,,yahoo finance
55,2021-06-14,9.8100004196167,9.8100004196167,9.777999877929688,9.789999961853027,9.789999961853027,49600,AAC,,,yahoo finance
56,2021-06-15,9.789999961853027,9.819999694824219,9.779999732971191,9.800000190734863,9.800000190734863,53300,AAC,,,yahoo finance
57,2021-06-16,9.789999961853027,9.800000190734863,9.760000228881836,9.760000228881836,9.760000228881836,116700,AAC,,,yahoo finance
58,2021-06-17,9.760000228881836,9.770000457763672,9.75,9.760000228881836,9.760000228881836,18200,AAC,,,yahoo finance
59,2021-06-18,9.765999794006348,9.770000457763672,9.75,9.75,9.75,25900,AAC,,,yahoo finance
60,2021-06-21,9.789999961853027,9.789999961853027,9.760000228881836,9.760000228881836,9.760000228881836,10700,AAC,,,yahoo finance
61,2021-06-22,9.75,9.789999961853027,9.75,9.760000228881836,9.760000228881836,38600,AAC,,,yahoo finance
62,2021-06-23,9.779999732971191,9.789999961853027,9.760000228881836,9.770000457763672,9.770000457763672,375900,AAC,,,yahoo finance
63,2021-06-24,9.760000228881836,9.789999961853027,9.760000228881836,9.789999961853027,9.789999961853027,172000,AAC,,,yahoo finance
64,2021-06-25,9.800000190734863,9.869999885559082,9.789999961853027,9.869999885559082,9.869999885559082,1886000,AAC,,,yahoo finance
65,2021-06-28,9.84000015258789,9.859999656677246,9.739999771118164,9.800000190734863,9.800000190734863,763400,AAC,,,yahoo finance
66,2021-06-29,9.739999771118164,9.8100004196167,9.720000267028809,9.770000457763672,9.770000457763672,64300,AAC,,,yahoo finance
67,2021-06-30,9.760000228881836,9.789999961853027,9.75,9.75,9.75,19800,AAC,,,yahoo finance
68,2021-07-01,9.75,9.770000457763672,9.75,9.75,9.75,65700,AAC,,,yahoo finance
69,2021-07-02,9.760000228881836,9.760000228881836,9.739999771118164,9.75,9.75,72800,AAC,,,yahoo finance
70,2021-07-06,9.729999542236328,9.760000228881836,9.729999542236328,9.75,9.75,47000,AAC,,,yahoo finance
71,2021-07-07,9.729999542236328,9.75,9.729999542236328,9.75,9.75,39700,AAC,,,yahoo finance
72,2021-07-08,9.741000175476074,9.789999961853027,9.739999771118164,9.770000457763672,9.770000457763672,76400,AAC,,,yahoo finance
73,2021-07-09,9.770000457763672,9.819000244140625,9.770000457763672,9.800000190734863,9.800000190734863,134900,AAC,,,yahoo finance
74,2021-07-12,9.84000015258789,9.84000015258789,9.800000190734863,9.800000190734863,9.800000190734863,111400,AAC,,,yahoo finance
75,2021-07-13,9.84000015258789,9.84000015258789,9.789999961853027,9.8100004196167,9.8100004196167,284100,AAC,,,yahoo finance
76,2021-07-14,9.819999694824219,9.819999694824219,9.760000228881836,9.760000228881836,9.760000228881836,12200,AAC,,,yahoo finance
77,2021-07-15,9.789999961853027,9.789999961853027,9.75,9.770000457763672,9.770000457763672,74800,AAC,,,yahoo finance
78,2021-07-16,9.739999771118164,9.789999961853027,9.739999771118164,9.760000228881836,9.760000228881836,7300,AAC,,,yahoo finance
79,2021-07-19,9.760000228881836,9.770000457763672,9.729999542236328,9.770000457763672,9.770000457763672,291000,AAC,,,yahoo finance
80,2021-07-20,9.772000312805176,9.772000312805176,9.75,9.75,9.75,2900,AAC,,,yahoo finance
81,2021-07-21,9.751999855041504,9.770000457763672,9.739999771118164,9.760000228881836,9.760000228881836,18100,AAC,,,yahoo finance
82,2021-07-22,9.789999961853027,9.789999961853027,9.739999771118164,9.760000228881836,9.760000228881836,9500,AAC,,,yahoo finance
83,2021-07-23,9.789999961853027,9.789999961853027,9.739999771118164,9.760000228881836,9.760000228881836,18500,AAC,,,yahoo finance
84,2021-07-26,9.770000457763672,9.770000457763672,9.729999542236328,9.75,9.75,320000,AAC,,,yahoo finance
85,2021-07-27,9.739999771118164,9.760000228881836,9.73900032043457,9.75,9.75,19800,AAC,,,yahoo finance
86,2021-07-28,9.760000228881836,9.760000228881836,9.744999885559082,9.75,9.75,6100,AAC,,,yahoo finance
87,2021-07-29,9.770000457763672,9.779999732971191,9.73900032043457,9.75,9.75,65600,AAC,,,yahoo finance
88,2021-07-30,9.75,9.779999732971191,9.75,9.779999732971191,9.779999732971191,21500,AAC,,,yahoo finance
89,2021-08-02,9.779999732971191,9.779999732971191,9.75,9.75,9.75,11900,AAC,,,yahoo finance
90,2021-08-03,9.75,9.760000228881836,9.725000381469727,9.739999771118164,9.739999771118164,58100,AAC,,,yahoo finance
91,2021-08-04,9.739999771118164,9.760000228881836,9.699999809265137,9.720000267028809,9.720000267028809,164200,AAC,,,yahoo finance
92,2021-08-05,9.739999771118164,9.75,9.6899995803833,9.710000038146973,9.710000038146973,48000,AAC,,,yahoo finance
93,2021-08-06,9.699999809265137,9.779999732971191,9.680000305175781,9.770000457763672,9.770000457763672,97000,AAC,,,yahoo finance
94,2021-08-09,9.739999771118164,9.770000457763672,9.699999809265137,9.720000267028809,9.720000267028809,32400,AAC,,,yahoo finance
95,2021-08-10,9.789999961853027,9.789999961853027,9.6899995803833,9.699999809265137,9.699999809265137,28700,AAC,,,yahoo finance
96,2021-08-11,9.680000305175781,9.720000267028809,9.680000305175781,9.710000038146973,9.710000038146973,29400,AAC,,,yahoo finance
97,2021-08-12,9.699999809265137,9.739999771118164,9.680000305175781,9.6899995803833,9.6899995803833,61200,AAC,,,yahoo finance
98,2021-08-13,9.739999771118164,9.739999771118164,9.680000305175781,9.710000038146973,9.710000038146973,31500,AAC,,,yahoo finance
99,2021-08-16,9.720000267028809,9.729999542236328,9.6899995803833,9.720000267028809,9.720000267028809,170700,AAC,,,yahoo finance
100,2021-08-17,9.720000267028809,9.720000267028809,9.680000305175781,9.720000267028809,9.720000267028809,147100,AAC,,,yahoo finance
101,2021-08-18,9.720000267028809,9.720000267028809,9.699999809265137,9.710000038146973,9.710000038146973,38900,AAC,,,yahoo finance
102,2021-08-19,9.670000076293945,9.710000038146973,9.65999984741211,9.670000076293945,9.670000076293945,68000,AAC,,,yahoo finance
103,2021-08-20,9.6899995803833,9.6899995803833,9.65999984741211,9.670000076293945,9.670000076293945,57500,AAC,,,yahoo finance
104,2021-08-23,9.670000076293945,9.699999809265137,9.65999984741211,9.6899995803833,9.6899995803833,190500,AAC,,,yahoo finance
105,2021-08-24,9.6899995803833,9.6899995803833,9.670000076293945,9.670000076293945,9.670000076293945,10000,AAC,,,yahoo finance
106,2021-08-25,9.670000076293945,9.6899995803833,9.65999984741211,9.6899995803833,9.6899995803833,152200,AAC,,,yahoo finance
107,2021-08-26,9.699999809265137,9.699999809265137,9.670000076293945,9.680000305175781,9.680000305175781,59600,AAC,,,yahoo finance
108,2021-08-27,9.699999809265137,9.699999809265137,9.65999984741211,9.699999809265137,9.699999809265137,243700,AAC,,,yahoo finance
109,2021-08-30,9.680000305175781,9.699999809265137,9.65999984741211,9.680000305175781,9.680000305175781,1083900,AAC,,,yahoo finance
110,2021-08-31,9.680000305175781,9.710000038146973,9.670000076293945,9.710000038146973,9.710000038146973,433200,AAC,,,yahoo finance
111,2021-09-01,9.710000038146973,9.710000038146973,9.6899995803833,9.699999809265137,9.699999809265137,1120100,AAC,,,yahoo finance
112,2021-09-02,9.699999809265137,9.720000267028809,9.699999809265137,9.699999809265137,9.699999809265137,86400,AAC,,,yahoo finance
113,2021-09-03,9.710000038146973,9.729999542236328,9.710000038146973,9.720000267028809,9.720000267028809,132600,AAC,,,yahoo finance
114,2021-09-07,9.720000267028809,9.729999542236328,9.710000038146973,9.720000267028809,9.720000267028809,994400,AAC,,,yahoo finance
115,2021-09-08,9.699999809265137,9.720000267028809,9.699999809265137,9.710000038146973,9.710000038146973,1375300,AAC,,,yahoo finance
116,2021-09-09,9.710000038146973,9.739999771118164,9.710000038146973,9.739999771118164,9.739999771118164,192500,AAC,,,yahoo finance
117,2021-09-10,9.729999542236328,9.789999961853027,9.720000267028809,9.760000228881836,9.760000228881836,2826400,AAC,,,yahoo finance
118,2021-09-13,9.760000228881836,9.789999961853027,9.720000267028809,9.779999732971191,9.779999732971191,563100,AAC,,,yahoo finance
119,2021-09-14,9.779999732971191,9.779999732971191,9.75,9.770000457763672,9.770000457763672,1644700,AAC,,,yahoo finance
120,2021-09-15,9.770000457763672,9.770000457763672,9.75,9.760000228881836,9.760000228881836,12500,AAC,,,yahoo finance
121,2021-09-16,9.75,9.760000228881836,9.729999542236328,9.75,9.75,48900,AAC,,,yahoo finance
122,2021-09-17,9.739999771118164,9.760000228881836,9.720000267028809,9.739999771118164,9.739999771118164,226800,AAC,,,yahoo finance
123,2021-09-20,9.720000267028809,9.739999771118164,9.699999809265137,9.729999542236328,9.729999542236328,366400,AAC,,,yahoo finance
124,2021-09-21,9.720000267028809,9.760000228881836,9.720000267028809,9.739999771118164,9.739999771118164,124600,AAC,,,yahoo finance
125,2021-09-22,9.710000038146973,9.760000228881836,9.710000038146973,9.760000228881836,9.760000228881836,234200,AAC,,,yahoo finance
126,2021-09-23,9.770000457763672,9.770000457763672,9.73900032043457,9.75,9.75,4800,AAC,,,yahoo finance
127,2021-09-24,9.739999771118164,9.75,9.729999542236328,9.75,9.75,38500,AAC,,,yahoo finance
128,2021-09-27,9.729999542236328,9.760000228881836,9.729999542236328,9.760000228881836,9.760000228881836,22800,AAC,,,yahoo finance
129,2021-09-28,9.75,9.760000228881836,9.710000038146973,9.75,9.75,639400,AAC,,,yahoo finance
130,2021-09-29,9.770000457763672,9.770000457763672,9.720000267028809,9.739999771118164,9.739999771118164,110800,AAC,,,yahoo finance
131,2021-09-30,9.739999771118164,9.760000228881836,9.739999771118164,9.739999771118164,9.739999771118164,52900,AAC,,,yahoo finance
132,2021-10-01,9.739999771118164,9.770000457763672,9.739999771118164,9.760000228881836,9.760000228881836,14500,AAC,,,yahoo finance
133,2021-10-04,9.770000457763672,9.770000457763672,9.75,9.770000457763672,9.770000457763672,1407400,AAC,,,yahoo finance
134,2021-10-05,9.760000228881836,9.779999732971191,9.75,9.770000457763672,9.770000457763672,298300,AAC,,,yahoo finance
135,2021-10-06,9.770000457763672,9.770000457763672,9.75,9.770000457763672,9.770000457763672,97000,AAC,,,yahoo finance
136,2021-10-07,9.770000457763672,9.779999732971191,9.75,9.760000228881836,9.760000228881836,7200,AAC,,,yahoo finance
137,2021-10-08,9.760000228881836,9.779999732971191,9.75,9.770000457763672,9.770000457763672,185400,AAC,,,yahoo finance
138,2021-10-11,9.770000457763672,9.779999732971191,9.75,9.779999732971191,9.779999732971191,9500,AAC,,,yahoo finance
139,2021-10-12,9.779999732971191,9.779999732971191,9.760000228881836,9.770000457763672,9.770000457763672,320600,AAC,,,yahoo finance
140,2021-10-13,9.760000228881836,9.770000457763672,9.75,9.760000228881836,9.760000228881836,623700,AAC,,,yahoo finance
141,2021-10-14,9.770000457763672,9.770000457763672,9.739999771118164,9.760000228881836,9.760000228881836,89800,AAC,,,yahoo finance
142,2021-10-15,9.760000228881836,9.779999732971191,9.739999771118164,9.739999771118164,9.739999771118164,98900,AAC,,,yahoo finance
143,2021-10-18,9.760000228881836,9.770000457763672,9.75,9.760000228881836,9.760000228881836,80700,AAC,,,yahoo finance
144,2021-10-19,9.75,9.779999732971191,9.75,9.760000228881836,9.760000228881836,50000,AAC,,,yahoo finance
145,2021-10-20,9.770000457763672,9.770000457763672,9.75,9.760000228881836,9.760000228881836,64900,AAC,,,yahoo finance
146,2021-10-21,9.8100004196167,9.84000015258789,9.8100004196167,9.829999923706055,9.829999923706055,512200,AAC,,,yahoo finance
147,2021-10-22,9.84000015258789,9.84000015258789,9.8100004196167,9.829999923706055,9.829999923706055,322600,AAC,,,yahoo finance
148,2021-10-25,9.84000015258789,9.850000381469727,9.819999694824219,9.84000015258789,9.84000015258789,869600,AAC,,,yahoo finance
149,2021-10-26,9.850000381469727,9.850000381469727,9.8100004196167,9.84000015258789,9.84000015258789,260600,AAC,,,yahoo finance
150,2021-10-27,9.829999923706055,9.829999923706055,9.779999732971191,9.829999923706055,9.829999923706055,160200,AAC,,,yahoo finance
151,2021-10-28,9.850000381469727,9.850000381469727,9.789999961853027,9.819999694824219,9.819999694824219,52600,AAC,,,yahoo finance
152,2021-10-29,9.829999923706055,9.84000015258789,9.8100004196167,9.84000015258789,9.84000015258789,138800,AAC,,,yahoo finance
153,2021-11-01,9.84000015258789,9.84000015258789,9.800000190734863,9.829999923706055,9.829999923706055,619000,AAC,,,yahoo finance
154,2021-11-02,9.84000015258789,9.84000015258789,9.8100004196167,9.829999923706055,9.829999923706055,62700,AAC,,,yahoo finance
155,2021-11-03,9.819999694824219,9.829999923706055,9.789999961853027,9.8100004196167,9.8100004196167,436300,AAC,,,yahoo finance
156,2021-11-04,9.817999839782715,9.819999694824219,9.800000190734863,9.8100004196167,9.8100004196167,30700,AAC,,,yahoo finance
157,2021-11-05,9.829999923706055,9.829999923706055,9.789999961853027,9.819999694824219,9.819999694824219,63800,AAC,,,yahoo finance
158,2021-11-08,9.819999694824219,9.819999694824219,9.800000190734863,9.8100004196167,9.8100004196167,210900,AAC,,,yahoo finance
159,2021-11-09,9.819999694824219,9.829999923706055,9.779999732971191,9.8100004196167,9.8100004196167,663500,AAC,,,yahoo finance
160,2021-11-10,9.8100004196167,9.859999656677246,9.779999732971191,9.850000381469727,9.850000381469727,432500,AAC,,,yahoo finance
161,2021-11-11,9.850000381469727,9.850000381469727,9.819999694824219,9.84000015258789,9.84000015258789,614600,AAC,,,yahoo finance
162,2021-11-12,9.850000381469727,9.850000381469727,9.8100004196167,9.850000381469727,9.850000381469727,464600,AAC,,,yahoo finance
163,2021-11-15,9.850000381469727,9.850000381469727,9.819999694824219,9.84000015258789,9.84000015258789,103500,AAC,,,yahoo finance
164,2021-11-16,9.84000015258789,9.850000381469727,9.8100004196167,9.829999923706055,9.829999923706055,273200,AAC,,,yahoo finance
165,2021-11-17,9.819999694824219,9.84000015258789,9.800000190734863,9.8149995803833,9.8149995803833,94100,AAC,,,yahoo finance
166,2021-11-18,9.819999694824219,9.850000381469727,9.8100004196167,9.819999694824219,9.819999694824219,528600,AAC,,,yahoo finance
167,2021-11-19,9.84000015258789,9.84000015258789,9.789999961853027,9.819999694824219,9.819999694824219,988400,AAC,,,yahoo finance
168,2021-11-22,9.819999694824219,9.850000381469727,9.8100004196167,9.850000381469727,9.850000381469727,259400,AAC,,,yahoo finance
169,2021-11-23,9.84000015258789,9.84000015258789,9.789999961853027,9.829999923706055,9.829999923706055,386300,AAC,,,yahoo finance
170,2021-11-24,9.84000015258789,9.84000015258789,9.8100004196167,9.817999839782715,9.817999839782715,188900,AAC,,,yahoo finance
171,2021-11-26,9.789999961853027,9.819999694824219,9.779999732971191,9.800000190734863,9.800000190734863,278800,AAC,,,yahoo finance
172,2021-11-29,9.800000190734863,9.819999694824219,9.779999732971191,9.779999732971191,9.779999732971191,286300,AAC,,,yahoo finance
173,2021-11-30,9.779999732971191,9.800000190734863,9.779999732971191,9.789999961853027,9.789999961853027,102900,AAC,,,yahoo finance
174,2021-12-01,9.779999732971191,9.789999961853027,9.75,9.779999732971191,9.779999732971191,467500,AAC,,,yahoo finance
175,2021-12-02,9.800000190734863,9.800000190734863,9.770000457763672,9.779999732971191,9.779999732971191,19800,AAC,,,yahoo finance
176,2021-12-03,9.779999732971191,9.800000190734863,9.779999732971191,9.789999961853027,9.789999961853027,74200,AAC,,,yahoo finance
177,2021-12-06,9.789999961853027,9.800000190734863,9.789999961853027,9.789999961853027,9.789999961853027,22000,AAC,,,yahoo finance
178,2021-12-07,9.789999961853027,9.8100004196167,9.781999588012695,9.789999961853027,9.789999961853027,81600,AAC,,,yahoo finance
179,2021-12-08,9.789999961853027,9.8100004196167,9.789999961853027,9.8100004196167,9.8100004196167,33200,AAC,,,yahoo finance
180,2021-12-09,9.819999694824219,9.819999694824219,9.779999732971191,9.779999732971191,9.779999732971191,39400,AAC,,,yahoo finance
181,2021-12-10,9.789999961853027,9.800000190734863,9.779999732971191,9.789999961853027,9.789999961853027,10100,AAC,,,yahoo finance
182,2021-12-13,9.789999961853027,9.800000190734863,9.779999732971191,9.800000190734863,9.800000190734863,800300,AAC,,,yahoo finance
183,2021-12-14,9.800000190734863,9.800000190734863,9.779999732971191,9.789999961853027,9.789999961853027,2102700,AAC,,,yahoo finance
184,2021-12-15,9.789999961853027,9.789999961853027,9.770000457763672,9.779999732971191,9.779999732971191,57100,AAC,,,yahoo finance
185,2021-12-16,9.789999961853027,9.789999961853027,9.765000343322754,9.770000457763672,9.770000457763672,150200,AAC,,,yahoo finance
186,2021-12-17,9.760000228881836,9.779999732971191,9.760000228881836,9.779999732971191,9.779999732971191,54100,AAC,,,yahoo finance
187,2021-12-20,9.75,9.770000457763672,9.75,9.760000228881836,9.760000228881836,215500,AAC,,,yahoo finance
188,2021-12-21,9.75,9.779999732971191,9.75,9.760000228881836,9.760000228881836,41800,AAC,,,yahoo finance
189,2021-12-22,9.760000228881836,9.760000228881836,9.75,9.75,9.75,11800,AAC,,,yahoo finance
190,2021-12-23,9.75,9.770000457763672,9.739999771118164,9.75,9.75,40300,AAC,,,yahoo finance
191,2021-12-27,9.770000457763672,9.770000457763672,9.739999771118164,9.739999771118164,9.739999771118164,8400,AAC,,,yahoo finance
192,2021-12-28,9.739999771118164,9.75,9.739999771118164,9.739999771118164,9.739999771118164,8400,AAC,,,yahoo finance
193,2021-12-29,9.739999771118164,9.760000228881836,9.739999771118164,9.739999771118164,9.739999771118164,37100,AAC,,,yahoo finance
194,2021-12-30,9.739999771118164,9.75,9.729999542236328,9.739999771118164,9.739999771118164,60400,AAC,,,yahoo finance
195,2021-12-31,9.739999771118164,9.75,9.729999542236328,9.739999771118164,9.739999771118164,61500,AAC,,,yahoo finance
196,2022-01-03,9.75,9.770000457763672,9.75,9.760000228881836,9.760000228881836,205700,AAC,,,yahoo finance
197,2022-01-04,9.770000457763672,9.779999732971191,9.744999885559082,9.779999732971191,9.779999732971191,1523400,AAC,,,yahoo finance
198,2022-01-05,9.75,9.789999961853027,9.75,9.789999961853027,9.789999961853027,98000,AAC,,,yahoo finance
199,2022-01-06,9.789999961853027,9.789999961853027,9.75,9.760000228881836,9.760000228881836,38300,AAC,,,yahoo finance
200,2022-01-07,9.75,9.779999732971191,9.75,9.770000457763672,9.770000457763672,216400,AAC,,,yahoo finance
201,2022-01-10,9.789999961853027,9.789999961853027,9.75,9.770000457763672,9.770000457763672,16200,AAC,,,yahoo finance
202,2022-01-11,9.760000228881836,9.770000457763672,9.75,9.770000457763672,9.770000457763672,9400,AAC,,,yahoo finance
203,2022-01-12,9.760000228881836,9.770000457763672,9.760000228881836,9.760000228881836,9.760000228881836,9300,AAC,,,yahoo finance
204,2022-01-13,9.779999732971191,9.779999732971191,9.760000228881836,9.760000228881836,9.760000228881836,33500,AAC,,,yahoo finance
205,2022-01-14,9.760000228881836,9.760000228881836,9.739999771118164,9.739999771118164,9.739999771118164,211200,AAC,,,yahoo finance
206,2022-01-18,9.729999542236328,9.75,9.699999809265137,9.729999542236328,9.729999542236328,215100,AAC,,,yahoo finance
207,2022-01-19,9.729999542236328,9.739999771118164,9.729999542236328,9.739999771118164,9.739999771118164,232100,AAC,,,yahoo finance
208,2022-01-20,9.729999542236328,9.75,9.729999542236328,9.739999771118164,9.739999771118164,113400,AAC,,,yahoo finance
209,2022-01-21,9.739999771118164,9.739999771118164,9.720000267028809,9.739999771118164,9.739999771118164,1164800,AAC,,,yahoo finance
210,2022-01-24,9.720000267028809,9.739999771118164,9.699999809265137,9.699999809265137,9.699999809265137,143200,AAC,,,yahoo finance
211,2022-01-25,9.699999809265137,9.729999542236328,9.699999809265137,9.720000267028809,9.720000267028809,771500,AAC,,,yahoo finance
212,2022-01-26,9.711000442504883,9.729999542236328,9.710000038146973,9.710000038146973,9.710000038146973,155100,AAC,,,yahoo finance
213,2022-01-27,9.720000267028809,9.720000267028809,9.699999809265137,9.71500015258789,9.71500015258789,2598000,AAC,,,yahoo finance
214,2022-01-28,9.699999809265137,9.720000267028809,9.699999809265137,9.720000267028809,9.720000267028809,32900,AAC,,,yahoo finance
215,2022-01-31,9.710000038146973,9.729999542236328,9.710000038146973,9.720000267028809,9.720000267028809,34900,AAC,,,yahoo finance
216,2022-02-01,9.710000038146973,9.75,9.710000038146973,9.739999771118164,9.739999771118164,49600,AAC,,,yahoo finance
217,2022-02-02,9.729999542236328,9.770000457763672,9.729999542236328,9.770000457763672,9.770000457763672,92300,AAC,,,yahoo finance
218,2022-02-03,9.760000228881836,9.770000457763672,9.739999771118164,9.760000228881836,9.760000228881836,36900,AAC,,,yahoo finance
219,2022-02-04,9.770000457763672,9.770000457763672,9.722999572753906,9.75,9.75,49800,AAC,,,yahoo finance
220,2022-02-07,9.75,9.760000228881836,9.739999771118164,9.760000228881836,9.760000228881836,41400,AAC,,,yahoo finance
221,2022-02-08,9.75,9.760000228881836,9.739999771118164,9.760000228881836,9.760000228881836,17500,AAC,,,yahoo finance
222,2022-02-09,9.760000228881836,9.760000228881836,9.729999542236328,9.75,9.75,39700,AAC,,,yahoo finance
223,2022-02-10,9.739999771118164,9.770000457763672,9.739999771118164,9.75,9.75,48500,AAC,,,yahoo finance
224,2022-02-11,9.75,9.760000228881836,9.729999542236328,9.755000114440918,9.755000114440918,129200,AAC,,,yahoo finance
225,2022-02-14,9.699999809265137,9.760000228881836,9.699999809265137,9.739999771118164,9.739999771118164,18600,AAC,,,yahoo finance
226,2022-02-15,9.744999885559082,9.760000228881836,9.739999771118164,9.75,9.75,88000,AAC,,,yahoo finance
227,2022-02-16,9.770000457763672,9.770000457763672,9.739999771118164,9.739999771118164,9.739999771118164,89800,AAC,,,yahoo finance
228,2022-02-17,9.729999542236328,9.760000228881836,9.729999542236328,9.75,9.75,2778000,AAC,,,yahoo finance
229,2022-02-18,9.75,9.75,9.734999656677246,9.744999885559082,9.744999885559082,62700,AAC,,,yahoo finance
230,2022-02-22,9.739999771118164,9.746000289916992,9.729999542236328,9.739999771118164,9.739999771118164,27100,AAC,,,yahoo finance
231,2022-02-23,9.739999771118164,9.75,9.725000381469727,9.739999771118164,9.739999771118164,364900,AAC,,,yahoo finance
232,2022-02-24,9.729999542236328,9.760000228881836,9.729999542236328,9.75,9.75,60100,AAC,,,yahoo finance
233,2022-02-25,9.75,9.760000228881836,9.729999542236328,9.760000228881836,9.760000228881836,99900,AAC,,,yahoo finance
234,2022-02-28,9.75,9.760000228881836,9.75,9.75,9.75,87000,AAC,,,yahoo finance
235,2022-03-01,9.760000228881836,9.760000228881836,9.75,9.75,9.75,233500,AAC,,,yahoo finance
236,2022-03-02,9.75,9.755000114440918,9.75,9.75,9.75,700,AAC,,,yahoo finance
237,2022-03-03,9.760000228881836,9.770000457763672,9.75,9.760000228881836,9.760000228881836,165800,AAC,,,yahoo finance
238,2022-03-04,9.760000228881836,9.770000457763672,9.75,9.770000457763672,9.770000457763672,74100,AAC,,,yahoo finance
239,2022-03-07,9.760000228881836,9.770000457763672,9.760000228881836,9.760000228881836,9.760000228881836,670700,AAC,,,yahoo finance
240,2022-03-08,9.75,9.760000228881836,9.75,9.75,9.75,100200,AAC,,,yahoo finance
241,2022-03-09,9.760000228881836,9.760000228881836,9.75,9.75,9.75,111300,AAC,,,yahoo finance
242,2022-03-10,9.739999771118164,9.760000228881836,9.739999771118164,9.75,9.75,170500,AAC,,,yahoo finance
243,2022-03-11,9.753999710083008,9.760000228881836,9.75,9.75,9.75,34100,AAC,,,yahoo finance
244,2022-03-14,9.760000228881836,9.774999618530273,9.75,9.75,9.75,1779900,AAC,,,yahoo finance
245,2022-03-15,9.760000228881836,9.770000457763672,9.75,9.760000228881836,9.760000228881836,529400,AAC,,,yahoo finance
246,2022-03-16,9.760000228881836,9.770000457763672,9.760000228881836,9.770000457763672,9.770000457763672,199600,AAC,,,yahoo finance
247,2022-03-17,9.75,9.765000343322754,9.75,9.760000228881836,9.760000228881836,31100,AAC,,,yahoo finance
248,2022-03-18,9.75,9.774999618530273,9.75,9.770000457763672,9.770000457763672,37100,AAC,,,yahoo finance
249,2022-03-21,9.770000457763672,9.770000457763672,9.75,9.760000228881836,9.760000228881836,263000,AAC,,,yahoo finance
250,2022-03-22,9.760000228881836,9.819999694824219,9.755000114440918,9.770000457763672,9.770000457763672,558200,AAC,,,yahoo finance
251,2022-03-23,9.760000228881836,9.779999732971191,9.760000228881836,9.779999732971191,9.779999732971191,2017300,AAC,,,yahoo finance
252,2022-03-24,9.789999961853027,9.800000190734863,9.765000343322754,9.789999961853027,9.789999961853027,526300,AAC,,,yahoo finance
253,2022-03-25,9.779999732971191,9.779999732971191,9.779999732971191,9.779999732971191,9.779999732971191,3200,AAC,,,yahoo finance
254,2022-03-28,9.779999732971191,9.78499984741211,9.770000457763672,9.779999732971191,9.779999732971191,13200,AAC,,,yahoo finance
255,2022-03-29,9.789999961853027,9.789999961853027,9.770000457763672,9.779999732971191,9.779999732971191,200600,AAC,,,yahoo finance
256,2022-03-30,9.770000457763672,9.805000305175781,9.770000457763672,9.800000190734863,9.800000190734863,315100,AAC,,,yahoo finance
257,2022-03-31,9.760000228881836,9.8100004196167,9.760000228881836,9.8100004196167,9.8100004196167,71500,AAC,,,yahoo finance
258,2022-04-01,9.819999694824219,9.819999694824219,9.789999961853027,9.800000190734863,9.800000190734863,250500,AAC,,,yahoo finance
259,2022-04-04,9.850000381469727,9.850000381469727,9.800000190734863,9.8100004196167,9.8100004196167,18900,AAC,,,yahoo finance
260,2022-04-05,9.789999961853027,9.850000381469727,9.789999961853027,9.819999694824219,9.819999694824219,578000,AAC,,,yahoo finance
261,2022-04-06,9.84000015258789,9.850000381469727,9.800000190734863,9.819999694824219,9.819999694824219,1039000,AAC,,,yahoo finance
262,2022-04-07,9.821999549865723,9.821999549865723,9.8100004196167,9.8100004196167,9.8100004196167,42500,AAC,,,yahoo finance
263,2022-04-08,9.800000190734863,9.829999923706055,9.800000190734863,9.829999923706055,9.829999923706055,186700,AAC,,,yahoo finance
264,2022-04-11,9.829999923706055,9.829999923706055,9.8100004196167,9.819999694824219,9.819999694824219,9600,AAC,,,yahoo finance
265,2022-04-12,9.869999885559082,9.869999885559082,9.8100004196167,9.8100004196167,9.8100004196167,18300,AAC,,,yahoo finance
266,2022-04-13,9.869999885559082,9.869999885559082,9.819999694824219,9.835000038146973,9.835000038146973,18200,AAC,,,yahoo finance
267,2022-04-14,9.869999885559082,9.869999885559082,9.819999694824219,9.819999694824219,9.819999694824219,14600,AAC,,,yahoo finance
268,2022-04-18,9.84000015258789,9.845000267028809,9.819999694824219,9.819999694824219,9.819999694824219,60900,AAC,,,yahoo finance
269,2022-04-19,9.829999923706055,9.84000015258789,9.824999809265137,9.84000015258789,9.84000015258789,11100,AAC,,,yahoo finance
270,2022-04-20,9.829999923706055,9.850000381469727,9.829999923706055,9.850000381469727,9.850000381469727,404300,AAC,,,yahoo finance
271,2022-04-21,9.84000015258789,9.850000381469727,9.84000015258789,9.84000015258789,9.84000015258789,90400,AAC,,,yahoo finance
272,2022-04-22,9.829999923706055,9.850000381469727,9.829999923706055,9.829999923706055,9.829999923706055,64000,AAC,,,yahoo finance
273,2022-04-25,9.84000015258789,9.850000381469727,9.829999923706055,9.850000381469727,9.850000381469727,117400,AAC,,,yahoo finance
274,2022-04-26,9.859999656677246,9.859999656677246,9.84000015258789,9.84000015258789,9.84000015258789,109700,AAC,,,yahoo finance
275,2022-04-27,9.850000381469727,9.850000381469727,9.84000015258789,9.84000015258789,9.84000015258789,874000,AAC,,,yahoo finance
276,2022-04-28,9.84000015258789,9.854999542236328,9.84000015258789,9.845000267028809,9.845000267028809,900,AAC,,,yahoo finance
277,2022-04-29,9.84000015258789,9.859999656677246,9.819999694824219,9.819999694824219,9.819999694824219,148300,AAC,,,yahoo finance
278,2022-05-02,9.829999923706055,9.869999885559082,9.819999694824219,9.869999885559082,9.869999885559082,132100,AAC,,,yahoo finance
279,2022-05-03,9.869999885559082,9.869999885559082,9.819999694824219,9.829999923706055,9.829999923706055,93600,AAC,,,yahoo finance
280,2022-05-04,9.84000015258789,9.84000015258789,9.819999694824219,9.84000015258789,9.84000015258789,28600,AAC,,,yahoo finance
281,2022-05-05,9.829999923706055,9.84000015258789,9.829999923706055,9.829999923706055,9.829999923706055,171700,AAC,,,yahoo finance
282,2022-05-06,9.829999923706055,9.835000038146973,9.8100004196167,9.8100004196167,9.8100004196167,1712200,AAC,,,yahoo finance
283,2022-05-09,9.819999694824219,9.835000038146973,9.8100004196167,9.819999694824219,9.819999694824219,60300,AAC,,,yahoo finance
284,2022-05-10,9.819999694824219,9.835000038146973,9.800000190734863,9.800000190734863,9.800000190734863,102800,AAC,,,yahoo finance
285,2022-05-11,9.8100004196167,9.819999694824219,9.789999961853027,9.789999961853027,9.789999961853027,113800,AAC,,,yahoo finance
286,2022-05-12,9.800000190734863,9.800000190734863,9.779999732971191,9.779999732971191,9.779999732971191,1283200,AAC,,,yahoo finance
287,2022-05-13,9.789999961853027,9.795000076293945,9.779999732971191,9.789999961853027,9.789999961853027,265000,AAC,,,yahoo finance
288,2022-05-16,9.789999961853027,9.8100004196167,9.789999961853027,9.789999961853027,9.789999961853027,347400,AAC,,,yahoo finance
289,2022-05-17,9.800000190734863,9.819999694824219,9.789999961853027,9.819999694824219,9.819999694824219,2195400,AAC,,,yahoo finance
290,2022-05-18,9.819999694824219,9.819999694824219,9.789999961853027,9.8100004196167,9.8100004196167,160800,AAC,,,yahoo finance
291,2022-05-19,9.800000190734863,9.800000190734863,9.789999961853027,9.789999961853027,9.789999961853027,22700,AAC,,,yahoo finance
292,2022-05-20,9.789999961853027,9.795000076293945,9.789999961853027,9.789999961853027,9.789999961853027,51000,AAC,,,yahoo finance
293,2022-05-23,9.789999961853027,9.800000190734863,9.789999961853027,9.789999961853027,9.789999961853027,61800,AAC,,,yahoo finance
294,2022-05-24,9.8100004196167,9.8100004196167,9.800000190734863,9.800000190734863,9.800000190734863,118900,AAC,,,yahoo finance
295,2022-05-25,9.800000190734863,9.805000305175781,9.800000190734863,9.800000190734863,9.800000190734863,856700,AAC,,,yahoo finance
296,2022-05-26,9.800000190734863,9.8100004196167,9.795000076293945,9.8100004196167,9.8100004196167,683200,AAC,,,yahoo finance
297,2022-05-27,9.805000305175781,9.8100004196167,9.800000190734863,9.8100004196167,9.8100004196167,805700,AAC,,,yahoo finance
298,2022-05-31,9.8100004196167,9.8100004196167,9.800000190734863,9.8100004196167,9.8100004196167,652400,AAC,,,yahoo finance
299,2022-06-01,9.8100004196167,9.829999923706055,9.805000305175781,9.819999694824219,9.819999694824219,227500,AAC,,,yahoo finance
300,2022-06-02,9.829999923706055,9.829999923706055,9.8100004196167,9.8100004196167,9.8100004196167,128400,AAC,,,yahoo finance
301,2022-06-03,9.8100004196167,9.819999694824219,9.8100004196167,9.8100004196167,9.8100004196167,14100,AAC,,,yahoo finance
302,2022-06-06,9.850000381469727,9.850000381469727,9.8149995803833,9.819999694824219,9.819999694824219,1049200,AAC,,,yahoo finance
303,2022-06-07,9.8100004196167,9.829999923706055,9.8100004196167,9.829999923706055,9.829999923706055,178400,AAC,,,yahoo finance
304,2022-06-08,9.819999694824219,9.829999923706055,9.8100004196167,9.829999923706055,9.829999923706055,219000,AAC,,,yahoo finance
305,2022-06-09,9.829999923706055,9.829999923706055,9.819999694824219,9.819999694824219,9.819999694824219,3200,AAC,,,yahoo finance
306,2022-06-10,9.829999923706055,9.835000038146973,9.819999694824219,9.829999923706055,9.829999923706055,203400,AAC,,,yahoo finance
307,2022-06-13,9.829999923706055,9.829999923706055,9.819999694824219,9.829999923706055,9.829999923706055,390800,AAC,,,yahoo finance
308,2022-06-14,9.829999923706055,9.829999923706055,9.819999694824219,9.819999694824219,9.819999694824219,106500,AAC,,,yahoo finance
309,2022-06-15,9.819999694824219,9.829999923706055,9.819999694824219,9.829999923706055,9.829999923706055,101400,AAC,,,yahoo finance
310,2022-06-16,9.819999694824219,9.824999809265137,9.8100004196167,9.8100004196167,9.8100004196167,459300,AAC,,,yahoo finance
311,2022-06-17,9.84000015258789,9.84000015258789,9.8100004196167,9.8100004196167,9.8100004196167,859400,AAC,,,yahoo finance
312,2022-06-21,9.829999923706055,9.829999923706055,9.8100004196167,9.829999923706055,9.829999923706055,41400,AAC,,,yahoo finance
313,2022-06-22,9.8100004196167,9.824999809265137,9.8100004196167,9.824999809265137,9.824999809265137,52100,AAC,,,yahoo finance
314,2022-06-23,9.819999694824219,9.829999923706055,9.819999694824219,9.829999923706055,9.829999923706055,66300,AAC,,,yahoo finance
315,2022-06-24,9.8100004196167,9.824999809265137,9.8100004196167,9.819999694824219,9.819999694824219,2800,AAC,,,yahoo finance
316,2022-06-27,9.819999694824219,9.845000267028809,9.819999694824219,9.84000015258789,9.84000015258789,190500,AAC,,,yahoo finance
317,2022-06-28,9.829999923706055,9.850000381469727,9.829999923706055,9.850000381469727,9.850000381469727,136700,AAC,,,yahoo finance
318,2022-06-29,9.84000015258789,9.850000381469727,9.84000015258789,9.850000381469727,9.850000381469727,3600,AAC,,,yahoo finance
319,2022-06-30,9.829999923706055,9.850000381469727,9.829999923706055,9.829999923706055,9.829999923706055,115400,AAC,,,yahoo finance
320,2022-07-01,9.84000015258789,9.845000267028809,9.829999923706055,9.829999923706055,9.829999923706055,111600,AAC,,,yahoo finance
321,2022-07-05,9.850000381469727,9.850000381469727,9.819999694824219,9.84000015258789,9.84000015258789,294400,AAC,,,yahoo finance
322,2022-07-06,9.819999694824219,9.845000267028809,9.819999694824219,9.84000015258789,9.84000015258789,56200,AAC,,,yahoo finance
323,2022-07-07,9.850000381469727,9.850000381469727,9.819999694824219,9.829999923706055,9.829999923706055,300200,AAC,,,yahoo finance
324,2022-07-08,9.829999923706055,9.84000015258789,9.829999923706055,9.829999923706055,9.829999923706055,54600,AAC,,,yahoo finance
325,2022-07-11,9.829999923706055,9.850000381469727,9.829999923706055,9.84000015258789,9.84000015258789,235500,AAC,,,yahoo finance
326,2022-07-12,9.829999923706055,9.84000015258789,9.829999923706055,9.829999923706055,9.829999923706055,7700,AAC,,,yahoo finance
327,2022-07-13,9.829999923706055,9.850000381469727,9.829999923706055,9.850000381469727,9.850000381469727,85400,AAC,,,yahoo finance
328,2022-07-14,9.850000381469727,9.850000381469727,9.829999923706055,9.850000381469727,9.850000381469727,41000,AAC,,,yahoo finance
329,2022-07-15,9.829999923706055,9.854999542236328,9.829999923706055,9.850000381469727,9.850000381469727,125600,AAC,,,yahoo finance
330,2022-07-18,9.829999923706055,9.850000381469727,9.829999923706055,9.850000381469727,9.850000381469727,2179000,AAC,,,yahoo finance
331,2022-07-19,9.829999923706055,9.845000267028809,9.824999809265137,9.84000015258789,9.84000015258789,156200,AAC,,,yahoo finance
332,2022-07-20,9.850000381469727,9.859999656677246,9.84000015258789,9.850000381469727,9.850000381469727,189900,AAC,,,yahoo finance
333,2022-07-21,9.850000381469727,9.880000114440918,9.850000381469727,9.859999656677246,9.859999656677246,4512900,AAC,,,yahoo finance
334,2022-07-22,9.869999885559082,9.880000114440918,9.859999656677246,9.869999885559082,9.869999885559082,704000,AAC,,,yahoo finance
335,2022-07-25,9.880000114440918,9.880000114440918,9.859999656677246,9.869999885559082,9.869999885559082,85600,AAC,,,yahoo finance
336,2022-07-26,9.859999656677246,9.880000114440918,9.859999656677246,9.869999885559082,9.869999885559082,164700,AAC,,,yahoo finance
337,2022-07-27,9.869999885559082,9.875,9.859999656677246,9.859999656677246,9.859999656677246,121900,AAC,,,yahoo finance
338,2022-07-28,9.859999656677246,9.880000114440918,9.859999656677246,9.869999885559082,9.869999885559082,705300,AAC,,,yahoo finance
339,2022-07-29,9.859999656677246,9.880000114440918,9.859999656677246,9.869999885559082,9.869999885559082,87500,AAC,,,yahoo finance
340,2022-08-01,9.869999885559082,9.869999885559082,9.859999656677246,9.869999885559082,9.869999885559082,92900,AAC,,,yahoo finance
341,2022-08-02,9.869999885559082,9.895000457763672,9.869999885559082,9.880000114440918,9.880000114440918,746100,AAC,,,yahoo finance
342,2022-08-03,9.880000114440918,9.890000343322754,9.869999885559082,9.890000343322754,9.890000343322754,281500,AAC,,,yahoo finance
343,2022-08-04,9.899999618530273,9.899999618530273,9.869999885559082,9.869999885559082,9.869999885559082,1075300,AAC,,,yahoo finance
344,2022-08-05,9.880000114440918,9.890000343322754,9.869999885559082,9.890000343322754,9.890000343322754,81400,AAC,,,yahoo finance
345,2022-08-08,9.890000343322754,9.890000343322754,9.869999885559082,9.880000114440918,9.880000114440918,80200,AAC,,,yahoo finance
346,2022-08-09,9.880000114440918,9.885000228881836,9.875,9.880000114440918,9.880000114440918,113700,AAC,,,yahoo finance
347,2022-08-10,9.890000343322754,9.890000343322754,9.869999885559082,9.880000114440918,9.880000114440918,150000,AAC,,,yahoo finance
348,2022-08-11,9.890000343322754,9.890000343322754,9.869999885559082,9.880000114440918,9.880000114440918,149200,AAC,,,yahoo finance
349,2022-08-12,9.880000114440918,9.890000343322754,9.880000114440918,9.880000114440918,9.880000114440918,153800,AAC,,,yahoo finance
350,2022-08-15,9.880000114440918,9.890000343322754,9.880000114440918,9.885000228881836,9.885000228881836,787800,AAC,,,yahoo finance
351,2022-08-16,9.880000114440918,9.890000343322754,9.880000114440918,9.890000343322754,9.890000343322754,14200,AAC,,,yahoo finance
352,2022-08-17,9.890000343322754,9.890000343322754,9.869999885559082,9.890000343322754,9.890000343322754,93900,AAC,,,yahoo finance
353,2022-08-18,9.880000114440918,9.880000114440918,9.869999885559082,9.869999885559082,9.869999885559082,126700,AAC,,,yahoo finance
354,2022-08-19,9.869999885559082,9.890000343322754,9.869999885559082,9.880000114440918,9.880000114440918,1495100,AAC,,,yahoo finance
355,2022-08-22,9.869999885559082,9.880000114440918,9.869999885559082,9.869999885559082,9.869999885559082,13600,AAC,,,yahoo finance
356,2022-08-23,9.869999885559082,9.880000114440918,9.869999885559082,9.880000114440918,9.880000114440918,52300,AAC,,,yahoo finance
357,2022-08-24,9.869999885559082,9.885000228881836,9.869999885559082,9.869999885559082,9.869999885559082,628700,AAC,,,yahoo finance
358,2022-08-25,9.890000343322754,9.899999618530273,9.880000114440918,9.899999618530273,9.899999618530273,221600,AAC,,,yahoo finance
359,2022-08-26,9.890000343322754,9.90999984741211,9.890000343322754,9.90999984741211,9.90999984741211,104700,AAC,,,yahoo finance
360,2022-08-29,9.90999984741211,9.914999961853027,9.890000343322754,9.899999618530273,9.899999618530273,592000,AAC,,,yahoo finance
361,2022-08-30,9.90999984741211,9.90999984741211,9.890000343322754,9.90999984741211,9.90999984741211,104100,AAC,,,yahoo finance
362,2022-08-31,9.899999618530273,9.90999984741211,9.890000343322754,9.90999984741211,9.90999984741211,319100,AAC,,,yahoo finance
363,2022-09-01,9.890000343322754,9.909000396728516,9.890000343322754,9.890000343322754,9.890000343322754,87000,AAC,,,yahoo finance
364,2022-09-02,9.890000343322754,9.899999618530273,9.890000343322754,9.899999618530273,9.899999618530273,13800,AAC,,,yahoo finance
365,2022-09-06,9.899999618530273,9.90999984741211,9.899999618530273,9.899999618530273,9.899999618530273,79300,AAC,,,yahoo finance
366,2022-09-07,9.90999984741211,9.920000076293945,9.90999984741211,9.920000076293945,9.920000076293945,127600,AAC,,,yahoo finance
367,2022-09-08,9.90999984741211,9.920000076293945,9.904999732971191,9.920000076293945,9.920000076293945,407200,AAC,,,yahoo finance
368,2022-09-09,9.90999984741211,9.920000076293945,9.90999984741211,9.90999984741211,9.90999984741211,53300,AAC,,,yahoo finance
369,2022-09-12,9.90999984741211,9.920000076293945,9.904999732971191,9.90999984741211,9.90999984741211,1257600,AAC,,,yahoo finance
370,2022-09-13,9.90999984741211,9.930000305175781,9.90999984741211,9.930000305175781,9.930000305175781,1341100,AAC,,,yahoo finance
371,2022-09-14,9.920000076293945,9.930000305175781,9.920000076293945,9.920000076293945,9.920000076293945,29100,AAC,,,yahoo finance
372,2022-09-15,9.90999984741211,9.9399995803833,9.90999984741211,9.930000305175781,9.930000305175781,183400,AAC,,,yahoo finance
373,2022-09-16,9.930000305175781,9.930000305175781,9.920000076293945,9.930000305175781,9.930000305175781,73600,AAC,,,yahoo finance
374,2022-09-19,9.930000305175781,9.9399995803833,9.920000076293945,9.930000305175781,9.930000305175781,2520500,AAC,,,yahoo finance
375,2022-09-20,9.930000305175781,9.9399995803833,9.925000190734863,9.930000305175781,9.930000305175781,221000,AAC,,,yahoo finance
376,2022-09-21,9.930000305175781,9.9399995803833,9.930000305175781,9.9399995803833,9.9399995803833,380900,AAC,,,yahoo finance
377,2022-09-22,9.930000305175781,9.949999809265137,9.930000305175781,9.9399995803833,9.9399995803833,595200,AAC,,,yahoo finance
378,2022-09-23,9.9399995803833,9.9399995803833,9.913000106811523,9.920000076293945,9.920000076293945,445100,AAC,,,yahoo finance
379,2022-09-26,9.920000076293945,9.930000305175781,9.90999984741211,9.920000076293945,9.920000076293945,425400,AAC,,,yahoo finance
380,2022-09-27,9.9399995803833,9.9399995803833,9.920000076293945,9.925000190734863,9.925000190734863,114000,AAC,,,yahoo finance
381,2022-09-28,9.9399995803833,9.9399995803833,9.920000076293945,9.925000190734863,9.925000190734863,17100,AAC,,,yahoo finance
382,2022-09-29,9.920000076293945,9.930000305175781,9.90999984741211,9.90999984741211,9.90999984741211,1763600,AAC,,,yahoo finance
383,2022-09-30,9.90999984741211,9.930000305175781,9.90999984741211,9.930000305175781,9.930000305175781,24000,AAC,,,yahoo finance
384,2022-10-03,9.930000305175781,9.9399995803833,9.930000305175781,9.9399995803833,9.9399995803833,294900,AAC,,,yahoo finance
385,2022-10-04,9.9399995803833,9.949999809265137,9.925000190734863,9.9399995803833,9.9399995803833,1812800,AAC,,,yahoo finance
386,2022-10-05,9.949999809265137,9.949999809265137,9.9399995803833,9.949999809265137,9.949999809265137,416900,AAC,,,yahoo finance
387,2022-10-06,9.949999809265137,9.949999809265137,9.930000305175781,9.930000305175781,9.930000305175781,539400,AAC,,,yahoo finance
388,2022-10-07,9.930000305175781,9.949999809265137,9.930000305175781,9.949999809265137,9.949999809265137,49400,AAC,,,yahoo finance
389,2022-10-10,9.949999809265137,9.954999923706055,9.9399995803833,9.9399995803833,9.9399995803833,33600,AAC,,,yahoo finance
390,2022-10-11,9.9399995803833,9.960000038146973,9.930000305175781,9.960000038146973,9.960000038146973,253000,AAC,,,yahoo finance
391,2022-10-12,9.9399995803833,9.960000038146973,9.9399995803833,9.949999809265137,9.949999809265137,12900,AAC,,,yahoo finance
392,2022-10-13,9.930000305175781,9.949999809265137,9.930000305175781,9.9399995803833,9.9399995803833,86600,AAC,,,yahoo finance
393,2022-10-14,9.9399995803833,9.944999694824219,9.9399995803833,9.9399995803833,9.9399995803833,50400,AAC,,,yahoo finance
394,2022-10-17,9.9399995803833,9.949999809265137,9.9399995803833,9.949999809265137,9.949999809265137,11600,AAC,,,yahoo finance
395,2022-10-18,9.979999542236328,9.979999542236328,9.949999809265137,9.949999809265137,9.949999809265137,129500,AAC,,,yahoo finance
396,2022-10-19,9.9399995803833,9.954999923706055,9.9399995803833,9.949999809265137,9.949999809265137,9200,AAC,,,yahoo finance
397,2022-10-20,9.9399995803833,9.958000183105469,9.9399995803833,9.944999694824219,9.944999694824219,2100,AAC,,,yahoo finance
398,2022-10-21,9.9399995803833,9.960000038146973,9.9399995803833,9.960000038146973,9.960000038146973,103100,AAC,,,yahoo finance
399,2022-10-24,9.960000038146973,9.96500015258789,9.960000038146973,9.960000038146973,9.960000038146973,16500,AAC,,,yahoo finance
400,2022-10-25,9.960000038146973,9.970000267028809,9.960000038146973,9.970000267028809,9.970000267028809,41000,AAC,,,yahoo finance
401,2022-10-26,9.979999542236328,9.979999542236328,9.970000267028809,9.975000381469727,9.975000381469727,8000,AAC,,,yahoo finance
402,2022-10-27,9.970000267028809,9.979999542236328,9.970000267028809,9.970000267028809,9.970000267028809,15400,AAC,,,yahoo finance
403,2022-10-28,9.970000267028809,9.979999542236328,9.970000267028809,9.979999542236328,9.979999542236328,40600,AAC,,,yahoo finance
404,2022-10-31,9.970000267028809,9.977999687194824,9.970000267028809,9.970000267028809,9.970000267028809,22600,AAC,,,yahoo finance
405,2022-11-01,9.970000267028809,9.975000381469727,9.970000267028809,9.970000267028809,9.970000267028809,131500,AAC,,,yahoo finance
406,2022-11-02,9.970000267028809,9.979999542236328,9.970000267028809,9.970000267028809,9.970000267028809,19400,AAC,,,yahoo finance
407,2022-11-03,9.970000267028809,9.977999687194824,9.960000038146973,9.970000267028809,9.970000267028809,31200,AAC,,,yahoo finance
408,2022-11-04,9.970000267028809,9.984999656677246,9.970000267028809,9.979999542236328,9.979999542236328,98300,AAC,,,yahoo finance
409,2022-11-07,9.979999542236328,9.989999771118164,9.979999542236328,9.984999656677246,9.984999656677246,18700,AAC,,,yahoo finance
410,2022-11-08,9.979999542236328,10.0,9.979999542236328,10.0,10.0,59300,AAC,,,yahoo finance
411,2022-11-09,9.989999771118164,10.0,9.989999771118164,9.994999885559082,9.994999885559082,20900,AAC,,,yahoo finance
412,2022-11-10,10.0,10.0,9.989999771118164,9.989999771118164,9.989999771118164,9700,AAC,,,yahoo finance
413,2022-11-11,9.989999771118164,10.0,9.984999656677246,9.994999885559082,9.994999885559082,27900,AAC,,,yahoo finance
414,2022-11-14,9.989999771118164,9.989999771118164,9.979999542236328,9.979999542236328,9.979999542236328,47600,AAC,,,yahoo finance
415,2022-11-15,9.989999771118164,10.0,9.979999542236328,10.0,10.0,21900,AAC,,,yahoo finance
416,2022-11-16,10.0,10.0,9.989999771118164,9.989999771118164,9.989999771118164,3200,AAC,,,yahoo finance
417,2022-11-17,10.0,10.0,9.979999542236328,9.994999885559082,9.994999885559082,4400,AAC,,,yahoo finance
418,2022-11-18,9.989999771118164,10.0,9.989999771118164,10.0,10.0,8900,AAC,,,yahoo finance
419,2022-11-21,10.0,10.0,9.989999771118164,10.0,10.0,4000,AAC,,,yahoo finance
420,2022-11-22,9.989999771118164,10.010000228881836,9.989999771118164,10.005000114440918,10.005000114440918,11400,AAC,,,yahoo finance
421,2022-11-23,10.020000457763672,10.020000457763672,10.0,10.0,10.0,2500,AAC,,,yahoo finance
422,2022-11-25,10.001999855041504,10.010000228881836,10.0,10.010000228881836,10.010000228881836,1400,AAC,,,yahoo finance
423,2022-11-28,10.0,10.005000114440918,10.0,10.0,10.0,19700,AAC,,,yahoo finance
424,2022-11-29,10.0,10.020000457763672,10.0,10.010000228881836,10.010000228881836,994800,AAC,,,yahoo finance
425,2022-11-30,10.010000228881836,10.029999732971191,10.010000228881836,10.020000457763672,10.020000457763672,2045500,AAC,,,yahoo finance
426,2022-12-01,10.020000457763672,10.03499984741211,10.020000457763672,10.029999732971191,10.029999732971191,86500,AAC,,,yahoo finance
427,2022-12-02,10.020000457763672,10.050000190734863,10.020000457763672,10.039999961853027,10.039999961853027,765500,AAC,,,yahoo finance
428,2022-12-05,10.050000190734863,10.050000190734863,10.029999732971191,10.029999732971191,10.029999732971191,9700,AAC,,,yahoo finance
429,2022-12-06,10.069999694824219,10.079999923706055,10.0600004196167,10.069999694824219,10.069999694824219,7982700,AAC,,,yahoo finance
430,2022-12-07,10.069999694824219,10.079999923706055,10.050000190734863,10.069999694824219,10.069999694824219,932000,AAC,,,yahoo finance
431,2022-12-08,10.050000190734863,10.069999694824219,10.050000190734863,10.0600004196167,10.0600004196167,396900,AAC,,,yahoo finance
432,2022-12-09,10.079999923706055,10.079999923706055,10.0600004196167,10.069999694824219,10.069999694824219,351400,AAC,,,yahoo finance
433,2022-12-12,10.0600004196167,10.069999694824219,10.0600004196167,10.0600004196167,10.0600004196167,397700,AAC,,,yahoo finance
434,2022-12-13,10.0600004196167,10.079999923706055,10.0600004196167,10.0600004196167,10.0600004196167,494500,AAC,,,yahoo finance
435,2022-12-14,10.0600004196167,10.079999923706055,10.0600004196167,10.0600004196167,10.0600004196167,11047000,AAC,,,yahoo finance
436,2022-12-15,10.0600004196167,10.079999923706055,10.0600004196167,10.069999694824219,10.069999694824219,851500,AAC,,,yahoo finance
437,2022-12-16,10.069999694824219,10.079999923706055,10.069999694824219,10.069999694824219,10.069999694824219,948500,AAC,,,yahoo finance
438,2022-12-19,10.09000015258789,10.09000015258789,10.069999694824219,10.09000015258789,10.09000015258789,2078900,AAC,,,yahoo finance
439,2022-12-20,10.079999923706055,10.09000015258789,10.079999923706055,10.079999923706055,10.079999923706055,156600,AAC,,,yahoo finance
440,2022-12-21,10.079999923706055,10.090999603271484,10.079999923706055,10.085000038146973,10.085000038146973,612500,AAC,,,yahoo finance
441,2022-12-22,10.09000015258789,10.09000015258789,10.069999694824219,10.079999923706055,10.079999923706055,142400,AAC,,,yahoo finance
442,2022-12-23,10.0600004196167,10.09000015258789,10.0600004196167,10.069999694824219,10.069999694824219,318800,AAC,,,yahoo finance
443,2022-12-27,10.079999923706055,10.100000381469727,10.069999694824219,10.09000015258789,10.09000015258789,361300,AAC,,,yahoo finance
444,2022-12-28,10.09000015258789,10.095000267028809,10.079999923706055,10.079999923706055,10.079999923706055,245400,AAC,,,yahoo finance
445,2022-12-29,10.09000015258789,10.09000015258789,10.079999923706055,10.09000015258789,10.09000015258789,113900,AAC,,,yahoo finance
446,2022-12-30,10.079999923706055,10.09000015258789,10.069999694824219,10.069999694824219,10.069999694824219,213400,AAC,,,yahoo finance
447,2023-01-03,10.069999694824219,10.119999885559082,10.069999694824219,10.109999656677246,10.109999656677246,4741600,AAC,,,yahoo finance
448,2023-01-04,10.119999885559082,10.119999885559082,10.100000381469727,10.100000381469727,10.100000381469727,1529100,AAC,,,yahoo finance
449,2023-01-05,10.119999885559082,10.119999885559082,10.109999656677246,10.109999656677246,10.109999656677246,121700,AAC,,,yahoo finance
450,2023-01-06,10.119999885559082,10.119999885559082,10.109999656677246,10.109999656677246,10.109999656677246,90600,AAC,,,yahoo finance
451,2023-01-09,10.109999656677246,10.130000114440918,10.109999656677246,10.130000114440918,10.130000114440918,1482200,AAC,,,yahoo finance
452,2023-01-10,10.130000114440918,10.130000114440918,10.119999885559082,10.119999885559082,10.119999885559082,1045700,AAC,,,yahoo finance
453,2023-01-11,10.119999885559082,10.140000343322754,10.119999885559082,10.130000114440918,10.130000114440918,350100,AAC,,,yahoo finance
454,2023-01-12,10.130000114440918,10.140000343322754,10.125,10.130000114440918,10.130000114440918,1816500,AAC,,,yahoo finance
455,2023-01-13,10.119999885559082,10.140000343322754,10.119999885559082,10.140000343322754,10.140000343322754,12800,AAC,,,yahoo finance
456,2023-01-17,10.140000343322754,10.140000343322754,10.119999885559082,10.119999885559082,10.119999885559082,604900,AAC,,,yahoo finance
457,2023-01-18,10.119999885559082,10.138999938964844,10.119999885559082,10.119999885559082,10.119999885559082,252400,AAC,,,yahoo finance
458,2023-01-19,10.119999885559082,10.140000343322754,10.119999885559082,10.130000114440918,10.130000114440918,983300,AAC,,,yahoo finance
459,2023-01-20,10.140000343322754,10.140000343322754,10.119999885559082,10.130000114440918,10.130000114440918,52000,AAC,,,yahoo finance
460,2023-01-23,10.130000114440918,10.130000114440918,10.119999885559082,10.119999885559082,10.119999885559082,64300,AAC,,,yahoo finance
461,2023-01-24,10.119999885559082,10.170000076293945,10.119999885559082,10.119999885559082,10.119999885559082,59800,AAC,,,yahoo finance
462,2023-01-25,10.130000114440918,10.140000343322754,10.119999885559082,10.130000114440918,10.130000114440918,44500,AAC,,,yahoo finance
463,2023-01-26,10.130000114440918,10.178000450134277,10.130000114440918,10.170000076293945,10.170000076293945,7371200,AAC,,,yahoo finance
464,2023-01-27,10.170000076293945,10.170000076293945,10.15999984741211,10.15999984741211,10.15999984741211,36800,AAC,,,yahoo finance
465,2023-01-30,10.15999984741211,10.170000076293945,10.149999618530273,10.15999984741211,10.15999984741211,24300,AAC,,,yahoo finance
466,2023-01-31,10.15999984741211,10.180000305175781,10.151000022888184,10.15999984741211,10.15999984741211,1841700,AAC,,,yahoo finance
467,2023-02-01,10.1899995803833,10.1899995803833,10.154999732971191,10.170000076293945,10.170000076293945,1316200,AAC,,,yahoo finance
468,2023-02-02,10.170000076293945,10.170000076293945,10.152000427246094,10.170000076293945,10.170000076293945,44200,AAC,,,yahoo finance
469,2023-02-03,10.15999984741211,10.210000038146973,10.15999984741211,10.1899995803833,10.1899995803833,974000,AAC,,,yahoo finance
470,2023-02-06,10.170000076293945,10.199999809265137,10.170000076293945,10.1899995803833,10.1899995803833,27400,AAC,,,yahoo finance
471,2023-02-07,10.199999809265137,10.199999809265137,10.1899995803833,10.199999809265137,10.199999809265137,26900,AAC,,,yahoo finance
472,2023-02-08,10.199999809265137,10.199999809265137,10.1850004196167,10.199999809265137,10.199999809265137,489600,AAC,,,yahoo finance
473,2023-02-09,10.180000305175781,10.206000328063965,10.180000305175781,10.180000305175781,10.180000305175781,215400,AAC,,,yahoo finance
474,2023-02-10,10.199999809265137,10.210000038146973,10.1899995803833,10.210000038146973,10.210000038146973,132900,AAC,,,yahoo finance
475,2023-02-13,10.1899995803833,10.210000038146973,10.180000305175781,10.199999809265137,10.199999809265137,10000,AAC,,,yahoo finance
476,2023-02-14,10.199999809265137,10.220000267028809,10.1899995803833,10.220000267028809,10.220000267028809,802700,AAC,,,yahoo finance
477,2023-02-15,10.199999809265137,10.220000267028809,10.199999809265137,10.199999809265137,10.199999809265137,30600,AAC,,,yahoo finance
478,2023-02-16,10.199999809265137,10.220000267028809,10.199999809265137,10.220000267028809,10.220000267028809,192500,AAC,,,yahoo finance
479,2023-02-17,10.210000038146973,10.220000267028809,10.210000038146973,10.210000038146973,10.210000038146973,533500,AAC,,,yahoo finance
480,2023-02-21,10.210000038146973,10.229999542236328,10.210000038146973,10.229999542236328,10.229999542236328,44500,AAC,,,yahoo finance
481,2023-02-22,10.229999542236328,10.229999542236328,10.220000267028809,10.220000267028809,10.220000267028809,41300,AAC,,,yahoo finance
482,2023-02-23,10.229999542236328,10.229999542236328,10.210000038146973,10.229999542236328,10.229999542236328,250900,AAC,,,yahoo finance
483,2023-02-24,10.229999542236328,10.229999542236328,10.220000267028809,10.220000267028809,10.220000267028809,41200,AAC,,,yahoo finance
484,2023-02-27,10.229999542236328,10.229999542236328,10.220000267028809,10.229999542236328,10.229999542236328,32500,AAC,,,yahoo finance
485,2023-02-28,10.229999542236328,10.229999542236328,10.220000267028809,10.229999542236328,10.229999542236328,17800,AAC,,,yahoo finance
486,2023-03-01,10.229999542236328,10.25,10.229999542236328,10.25,10.25,176700,AAC,,,yahoo finance
487,2023-03-02,10.260000228881836,10.260000228881836,10.239999771118164,10.239999771118164,10.239999771118164,32700,AAC,,,yahoo finance
488,2023-03-03,10.239999771118164,10.279999732971191,10.239999771118164,10.25,10.25,960700,AAC,,,yahoo finance
489,2023-03-06,10.239999771118164,10.270000457763672,10.239999771118164,10.260000228881836,10.260000228881836,91600,AAC,,,yahoo finance
490,2023-03-07,10.260000228881836,10.270000457763672,10.25,10.25,10.25,27500,AAC,,,yahoo finance
491,2023-03-08,10.25,10.27299976348877,10.25,10.260000228881836,10.260000228881836,26000,AAC,,,yahoo finance
492,2023-03-09,10.260000228881836,10.289999961853027,10.260000228881836,10.279999732971191,10.279999732971191,245400,AAC,,,yahoo finance
493,2023-03-10,10.279999732971191,10.300000190734863,10.199999809265137,10.199999809265137,10.199999809265137,140900,AAC,,,yahoo finance
494,2023-03-13,10.279999732971191,10.279999732971191,10.253000259399414,10.270000457763672,10.270000457763672,18600,AAC,,,yahoo finance
495,2023-03-14,10.270000457763672,10.270000457763672,10.260000228881836,10.270000457763672,10.270000457763672,6600,AAC,,,yahoo finance
496,2023-03-15,10.260000228881836,10.270000457763672,10.260000228881836,10.265000343322754,10.265000343322754,11100,AAC,,,yahoo finance
497,2023-03-16,10.270000457763672,10.300000190734863,10.260000228881836,10.300000190734863,10.300000190734863,95000,AAC,,,yahoo finance
498,2023-03-17,10.300000190734863,10.300000190734863,10.270000457763672,10.300000190734863,10.300000190734863,63300,AAC,,,yahoo finance
499,2023-03-20,10.3100004196167,10.350000381469727,10.300000190734863,10.3149995803833,10.3149995803833,209900,AAC,,,yahoo finance
500,2023-03-21,10.319999694824219,10.319999694824219,10.302000045776367,10.3100004196167,10.3100004196167,130800,AAC,,,yahoo finance
501,2023-03-22,10.300000190734863,10.319999694824219,10.300000190734863,10.300000190734863,10.300000190734863,207000,AAC,,,yahoo finance
502,2023-03-23,10.300000190734863,10.34000015258789,10.300000190734863,10.34000015258789,10.34000015258789,1739200,AAC,,,yahoo finance
503,2023-03-24,10.350000381469727,10.350000381469727,10.319999694824219,10.319999694824219,10.319999694824219,43800,AAC,,,yahoo finance
504,2023-03-27,10.329999923706055,10.34000015258789,10.319999694824219,10.324999809265137,10.324999809265137,34900,AAC,,,yahoo finance
505,2023-03-28,10.329999923706055,10.350000381469727,10.319999694824219,10.350000381469727,10.350000381469727,42500,AAC,,,yahoo finance
506,2023-03-29,10.350000381469727,10.350000381469727,10.3149995803833,10.329999923706055,10.329999923706055,17300,AAC,,,yahoo finance
507,2023-03-30,10.329999923706055,10.34000015258789,10.310999870300293,10.319999694824219,10.319999694824219,65200,AAC,,,yahoo finance
508,2023-03-31,10.34000015258789,10.34000015258789,10.3100004196167,10.319999694824219,10.319999694824219,18000,AAC,,,yahoo finance
509,2023-04-03,10.319999694824219,10.34000015258789,10.319999694824219,10.329999923706055,10.329999923706055,8900,AAC,,,yahoo finance
510,2023-04-04,10.34000015258789,10.34000015258789,10.319999694824219,10.319999694824219,10.319999694824219,12900,AAC,,,yahoo finance
511,2023-04-05,10.329999923706055,10.34000015258789,10.319999694824219,10.319999694824219,10.319999694824219,67200,AAC,,,yahoo finance
512,2023-04-06,10.319999694824219,10.34000015258789,10.319999694824219,10.324999809265137,10.324999809265137,96700,AAC,,,yahoo finance
513,2023-04-10,10.319999694824219,10.359999656677246,10.319999694824219,10.345000267028809,10.345000267028809,273000,AAC,,,yahoo finance
514,2023-04-11,10.350000381469727,10.359999656677246,10.34000015258789,10.34000015258789,10.34000015258789,192800,AAC,,,yahoo finance
515,2023-04-12,10.359999656677246,10.359999656677246,10.329999923706055,10.350000381469727,10.350000381469727,360400,AAC,,,yahoo finance
516,2023-04-13,10.350000381469727,10.354999542236328,10.34000015258789,10.350000381469727,10.350000381469727,56900,AAC,,,yahoo finance
517,2023-04-14,10.350000381469727,10.350000381469727,10.34000015258789,10.350000381469727,10.350000381469727,246500,AAC,,,yahoo finance
518,2023-04-17,10.359999656677246,10.359999656677246,10.350000381469727,10.359999656677246,10.359999656677246,57900,AAC,,,yahoo finance
519,2023-04-18,10.369999885559082,10.369999885559082,10.350000381469727,10.359999656677246,10.359999656677246,261300,AAC,,,yahoo finance
520,2023-04-19,10.350000381469727,10.369999885559082,10.350000381469727,10.359999656677246,10.359999656677246,1168000,AAC,,,yahoo finance
521,2023-04-20,10.359999656677246,10.380000114440918,10.350000381469727,10.359999656677246,10.359999656677246,15100,AAC,,,yahoo finance
522,2023-04-21,10.359999656677246,10.390000343322754,10.359999656677246,10.359999656677246,10.359999656677246,181400,AAC,,,yahoo finance
523,2023-04-24,10.369999885559082,10.369999885559082,10.350000381469727,10.359999656677246,10.359999656677246,34100,AAC,,,yahoo finance
524,2023-04-25,10.350000381469727,10.369999885559082,10.350000381469727,10.359999656677246,10.359999656677246,24000,AAC,,,yahoo finance
525,2023-04-26,10.359999656677246,10.380000114440918,10.359999656677246,10.375,10.375,48600,AAC,,,yahoo finance
526,2023-04-27,10.380000114440918,10.380000114440918,10.369999885559082,10.380000114440918,10.380000114440918,185500,AAC,,,yahoo finance
527,2023-04-28,10.350000381469727,10.380000114440918,10.350000381469727,10.350000381469727,10.350000381469727,16000,AAC,,,yahoo finance
528,2023-05-01,10.350000381469727,10.380000114440918,10.350000381469727,10.380000114440918,10.380000114440918,78300,AAC,,,yahoo finance
529,2023-05-02,10.380000114440918,10.380000114440918,10.369999885559082,10.369999885559082,10.369999885559082,50100,AAC,,,yahoo finance
530,2023-05-03,10.369999885559082,10.390000343322754,10.369999885559082,10.390000343322754,10.390000343322754,131600,AAC,,,yahoo finance
531,2023-05-04,10.369999885559082,10.390000343322754,10.369999885559082,10.390000343322754,10.390000343322754,38700,AAC,,,yahoo finance
532,2023-05-05,10.380000114440918,10.390000343322754,10.380000114440918,10.380000114440918,10.380000114440918,23900,AAC,,,yahoo finance
533,2023-05-08,10.390000343322754,10.390000343322754,10.380000114440918,10.380000114440918,10.380000114440918,199900,AAC,,,yahoo finance
534,2023-05-09,10.40999984741211,10.430000305175781,10.399999618530273,10.430000305175781,10.430000305175781,1185200,AAC,,,yahoo finance
535,2023-05-10,10.40999984741211,10.449999809265137,10.40999984741211,10.430000305175781,10.430000305175781,6600,AAC,,,yahoo finance
536,2023-05-11,10.449999809265137,10.449999809265137,10.420000076293945,10.420000076293945,10.420000076293945,14300,AAC,,,yahoo finance
537,2023-05-12,10.470000267028809,10.470000267028809,10.420000076293945,10.449999809265137,10.449999809265137,29100,AAC,,,yahoo finance
538,2023-05-15,10.470000267028809,10.470000267028809,10.4399995803833,10.460000038146973,10.460000038146973,26000,AAC,,,yahoo finance
539,2023-05-16,10.460000038146973,10.479999542236328,10.460000038146973,10.470000267028809,10.470000267028809,134200,AAC,,,yahoo finance
540,2023-05-17,10.479999542236328,10.479999542236328,10.460000038146973,10.460000038146973,10.460000038146973,19200,AAC,,,yahoo finance
541,2023-05-18,10.479999542236328,10.479999542236328,10.449999809265137,10.454999923706055,10.454999923706055,7000,AAC,,,yahoo finance
542,2023-05-19,10.460000038146973,10.47700023651123,10.430000305175781,10.4399995803833,10.4399995803833,508000,AAC,,,yahoo finance
543,2023-05-22,10.479999542236328,10.489999771118164,10.449999809265137,10.479999542236328,10.479999542236328,88400,AAC,,,yahoo finance
544,2023-05-23,10.489999771118164,10.5,10.479999542236328,10.479999542236328,10.479999542236328,117600,AAC,,,yahoo finance
545,2023-05-24,10.489999771118164,10.489999771118164,10.480999946594238,10.489999771118164,10.489999771118164,23400,AAC,,,yahoo finance
546,2023-05-25,10.449999809265137,10.489999771118164,10.449999809265137,10.470000267028809,10.470000267028809,23300,AAC,,,yahoo finance
547,2023-05-26,10.489999771118164,10.5,10.470000267028809,10.470000267028809,10.470000267028809,28700,AAC,,,yahoo finance
548,2023-05-30,10.479999542236328,10.489999771118164,10.470000267028809,10.479999542236328,10.479999542236328,49000,AAC,,,yahoo finance
549,2023-05-31,10.479999542236328,10.5,10.470000267028809,10.5,10.5,2837500,AAC,,,yahoo finance
550,2023-06-01,10.5,10.5,10.479999542236328,10.5,10.5,62500,AAC,,,yahoo finance
551,2023-06-02,10.5,10.5,10.479999542236328,10.489999771118164,10.489999771118164,20500,AAC,,,yahoo finance
552,2023-06-05,10.489999771118164,10.5,10.479999542236328,10.489999771118164,10.489999771118164,18800,AAC,,,yahoo finance
553,2023-06-06,10.5,10.5,10.489999771118164,10.5,10.5,437600,AAC,,,yahoo finance
554,2023-06-07,10.5,10.5,10.482999801635742,10.5,10.5,68700,AAC,,,yahoo finance
555,2023-06-08,10.5,10.5,10.489999771118164,10.5,10.5,96200,AAC,,,yahoo finance
556,2023-06-09,10.489999771118164,10.5,10.489999771118164,10.5,10.5,18300,AAC,,,yahoo finance
557,2023-06-12,10.510000228881836,10.510000228881836,10.489999771118164,10.5,10.5,63000,AAC,,,yahoo finance
558,2023-06-13,10.489999771118164,10.517000198364258,10.489999771118164,10.5,10.5,18300,AAC,,,yahoo finance
559,2023-06-14,10.5,10.510000228881836,10.489999771118164,10.489999771118164,10.489999771118164,20200,AAC,,,yahoo finance
560,2023-06-15,10.479999542236328,10.520000457763672,10.479999542236328,10.5,10.5,27100,AAC,,,yahoo finance
561,2023-06-16,10.5,10.520000457763672,10.489999771118164,10.5,10.5,32800,AAC,,,yahoo finance
562,2023-06-20,10.529999732971191,10.529999732971191,10.479999542236328,10.510000228881836,10.510000228881836,191100,AAC,,,yahoo finance
563,2023-06-21,10.510000228881836,10.529999732971191,10.5,10.510000228881836,10.510000228881836,51500,AAC,,,yahoo finance
564,2023-06-22,10.510000228881836,10.520000457763672,10.510000228881836,10.510000228881836,10.510000228881836,8200,AAC,,,yahoo finance
565,2023-06-23,10.510000228881836,10.520000457763672,10.510000228881836,10.520000457763672,10.520000457763672,1056500,AAC,,,yahoo finance
566,2023-06-26,10.510000228881836,10.520000457763672,10.510000228881836,10.520000457763672,10.520000457763672,16000,AAC,,,yahoo finance
567,2023-06-27,10.520000457763672,10.550000190734863,10.520000457763672,10.550000190734863,10.550000190734863,1780500,AAC,,,yahoo finance
568,2023-06-28,10.550000190734863,10.550000190734863,10.529999732971191,10.539999961853027,10.539999961853027,593200,AAC,,,yahoo finance
569,2023-06-29,10.539999961853027,10.550000190734863,10.529999732971191,10.539999961853027,10.539999961853027,1204500,AAC,,,yahoo finance
570,2023-06-30,10.550000190734863,10.579999923706055,10.539999961853027,10.569999694824219,10.569999694824219,9149900,AAC,,,yahoo finance
571,2023-07-03,10.5600004196167,10.569999694824219,10.5600004196167,10.5600004196167,10.5600004196167,65300,AAC,,,yahoo finance
572,2023-07-05,10.5600004196167,10.569999694824219,10.555999755859375,10.569999694824219,10.569999694824219,131300,AAC,,,yahoo finance
573,2023-07-06,10.569999694824219,10.569999694824219,10.5600004196167,10.569999694824219,10.569999694824219,478400,AAC,,,yahoo finance
574,2023-07-07,10.569999694824219,10.569999694824219,10.5600004196167,10.569999694824219,10.569999694824219,6000,AAC,,,yahoo finance
575,2023-07-10,10.5600004196167,10.569999694824219,10.5600004196167,10.5600004196167,10.5600004196167,242400,AAC,,,yahoo finance
576,2023-07-11,10.550000190734863,10.59000015258789,10.550000190734863,10.579999923706055,10.579999923706055,139100,AAC,,,yahoo finance
577,2023-07-12,10.5600004196167,10.59000015258789,10.5600004196167,10.579999923706055,10.579999923706055,43700,AAC,,,yahoo finance
578,2023-07-13,10.579999923706055,10.579999923706055,10.569999694824219,10.579999923706055,10.579999923706055,123500,AAC,,,yahoo finance
579,2023-07-14,10.579999923706055,10.59000015258789,10.569999694824219,10.59000015258789,10.59000015258789,88700,AAC,,,yahoo finance
580,2023-07-17,10.59000015258789,10.59000015258789,10.569999694824219,10.59000015258789,10.59000015258789,38400,AAC,,,yahoo finance
581,2023-07-18,10.579999923706055,10.600000381469727,10.569999694824219,10.569999694824219,10.569999694824219,90000,AAC,,,yahoo finance
582,2023-07-19,10.579999923706055,10.59000015258789,10.5600004196167,10.579999923706055,10.579999923706055,77400,AAC,,,yahoo finance
583,2023-07-20,10.579999923706055,10.579999923706055,10.550000190734863,10.5600004196167,10.5600004196167,174000,AAC,,,yahoo finance
584,2023-07-21,10.569999694824219,10.579999923706055,10.539999961853027,10.5600004196167,10.5600004196167,445300,AAC,,,yahoo finance
585,2023-07-24,10.5600004196167,10.569999694824219,10.539999961853027,10.5600004196167,10.5600004196167,221500,AAC,,,yahoo finance
586,2023-07-25,10.59000015258789,10.609999656677246,10.59000015258789,10.59000015258789,10.59000015258789,1134600,AAC,,,yahoo finance
587,2023-07-26,10.600000381469727,10.609999656677246,10.59000015258789,10.59000015258789,10.59000015258789,460800,AAC,,,yahoo finance
588,2023-07-27,10.579999923706055,10.600000381469727,10.579999923706055,10.59000015258789,10.59000015258789,153100,AAC,,,yahoo finance
589,2023-07-28,10.59000015258789,10.619999885559082,10.59000015258789,10.619999885559082,10.619999885559082,230900,AAC,,,yahoo finance
590,2023-07-31,10.609999656677246,10.649999618530273,10.600000381469727,10.649999618530273,10.649999618530273,37400,AAC,,,yahoo finance
591,2023-08-01,10.649999618530273,10.649999618530273,10.619999885559082,10.649999618530273,10.649999618530273,56100,AAC,,,yahoo finance
592,2023-08-02,10.640000343322754,10.645000457763672,10.619999885559082,10.630000114440918,10.630000114440918,26300,AAC,,,yahoo finance
593,2023-08-03,10.630000114440918,10.649999618530273,10.630000114440918,10.649999618530273,10.649999618530273,51700,AAC,,,yahoo finance
594,2023-08-04,10.649999618530273,10.649999618530273,10.630000114440918,10.640000343322754,10.640000343322754,8100,AAC,,,yahoo finance
595,2023-08-07,10.649999618530273,10.649999618530273,10.630000114440918,10.640000343322754,10.640000343322754,23300,AAC,,,yahoo finance
596,2023-08-08,10.630000114440918,10.649999618530273,10.619999885559082,10.630000114440918,10.630000114440918,42400,AAC,,,yahoo finance
597,2023-08-09,10.630000114440918,10.649999618530273,10.625,10.649999618530273,10.649999618530273,34300,AAC,,,yahoo finance
598,2023-08-10,10.649999618530273,10.649999618530273,10.630000114440918,10.649999618530273,10.649999618530273,19100,AAC,,,yahoo finance
599,2023-08-11,10.649999618530273,10.649999618530273,10.649999618530273,10.649999618530273,10.649999618530273,3039,AAC,,,yahoo finance
